id,字库
int,string
id,key
1,毛泽东
2,周恩来
3,刘少奇
4,朱德
5,彭德怀
6,林彪
7,刘伯承
8,陈毅
9,贺龙
10,聂荣臻
11,徐向前
12,罗荣桓
13,叶剑英
14,李大钊
15,陈独秀
16,孙中山
17,孙文
18,孙逸仙
19,邓小平
20,陈云
21,江泽民
22,李鹏
23,朱镕基
24,李瑞环
25,尉健行
26,李岚清
27,胡锦涛
28,罗干
29,温家宝
30,吴邦国
31,曾庆红
32,贾庆林
33,黄菊
34,吴官正
35,李长春
36,吴仪
37,回良玉
38,曾培炎
39,周永康
40,曹刚川
41,唐家璇
42,华建敏
43,陈至立
44,陈良宇
45,张德江
46,张立昌
47,俞正声
48,刘云山
49,王岐山
50,张高丽
51,王乐泉
52,王刚
53,王兆国
54,刘淇
55,贺国强
56,郭伯雄
57,胡耀邦
58,王兆
59,李登辉
60,连战
61,陈水扁
62,宋楚瑜
63,吕秀莲
64,郁慕明
65,蒋介石
66,蒋中正
67,蒋经国
68,马英九
69,习近平
70,李克强
71,吴帮国
72,无帮国
73,无邦国
74,无帮过
75,瘟家宝
76,假庆林
77,甲庆林
78,假青林
79,离长春
80,习远平
81,袭近平
82,李磕墙
83,贺过墙
84,和锅枪
85,粥永康
86,轴永康
87,肘永康
88,周健康
89,粥健康
90,周小康
91,李肇星务
92,国务委员
93,国务院
94,中央委员
95,发改委
96,国家发展和改革委员会
97,发展和改革委员会
98,国家发展与改革委员会
99,发展与改革委员会
100,薄熙来
101,温家饱
102,温假饱
103,胡惊涛
104,习仲勋
105,华国锋
106,彭丽媛
107,新闻出版总署
108,新闻出版署
109,布什
110,布莱尔
111,小泉
112,纯一郎
113,萨马兰奇
114,安南
115,阿拉法特
116,普京
117,默克尔
118,克林顿
119,里根
120,尼克松
121,林肯
122,杜鲁门
123,赫鲁晓夫
124,列宁
125,斯大林
126,马克思
127,恩格斯
128,金正日
129,金日成
130,萨达姆
131,胡志明
132,西哈努克
133,希拉克
134,撒切尔
135,阿罗约
136,曼德拉
137,卡斯特罗
138,富兰克林
139,华盛顿
140,艾森豪威尔
141,拿破仑
142,亚历山大
143,路易
144,拉姆斯菲尔德
145,劳拉
146,鲍威尔
147,奥巴马
148,本拉登
149,奥马尔
150,柴玲
151,达赖喇嘛
152,江青
153,张春桥
154,姚文元
155,王洪文
156,东条英机
157,希特勒
158,墨索里尼
159,冈村秀树
160,冈村宁次
161,高丽朴
162,赵紫阳
163,王丹
164,沃尔开西
165,李洪志
166,李大师
167,赖昌星
168,马加爵
169,班禅
170,额尔德尼
171,山本五十六
172,阿扁
173,阿扁万岁
174,热那亚
175,热比娅
176,尖阁列岛
177,实际神
178,东方闪电
179,全能神
180,安倍晋三
181,金正恩
182,张学良
183,恐怖组织
184,买毒品
185,卖毒品
186,茉莉花
187,钓鱼岛
188,钓鱼岛不属于中国
189,突尼斯
190,gongchandang
191,西藏314事件
192,新疆7.5事件
193,新疆国
194,党中央
195,新闻管制
196,一边一国
197,两国论
198,分裂中国
199,革命
200,国内动态详情
201,回回
202,六四
203,六四运动
204,美国之音
205,密宗
206,民国
207,民进党
208,民运
209,民主
210,民主潮
211,摩门教
212,纳粹
213,南华早报
214,南蛮
215,明慧网
216,起义
217,亲民党
218,瘸腿帮
219,人民报
220,法轮功
221,法轮大法
222,打倒共产党
223,台独万岁
224,圣战
225,示威
226,台独
227,台独分子
228,台联
229,台湾民国
230,台湾岛国
231,台湾国
232,台湾独立
233,太子党
234,天安门事件
235,屠杀
236,新党
237,新疆独立
238,新疆分裂
239,疆独
240,西藏独立
241,西藏分裂
242,西藏国
243,藏独
244,藏青会
245,藏妇会
246,学潮
247,学运
248,一党专政
249,一中一台
250,两个中国
251,一贯道
252,游行
253,造反
254,真善忍
255,镇压
256,政变
257,政治
258,政治反对派
259,政治犯
260,中共
261,共产党
262,反党
263,反共
264,政府
265,民主党
266,中国之春
267,转法轮
268,自焚
269,共党
270,共匪
271,苏家屯
272,基地组织
273,塔利班
274,东亚病夫
275,支那
276,高治联
277,高自联
278,专政
279,专制
280,世界维吾尔大会
281,核工业基地
282,核武器
283,铀
284,原子弹
285,氢弹
286,导弹
287,核潜艇
288,大参考
289,小参考
290,国内动态清样
291,释迦牟尼
292,阿弥陀佛
293,多维
294,河殇
295,穆罕默德
296,耶和华
297,耶稣
298,伊斯兰
299,真主安拉
300,白莲教
301,天主教
302,基督教
303,东正教
304,大法
305,法轮
306,真理教
307,走向圆满
308,黄大仙
309,跳大神
310,神汉
311,神婆
312,大卫教
313,阎王
314,黑白无常
315,牛头马面
316,高丽棒子
317,蒙古鞑子
318,老毛子
319,回民吃猪肉
320,k粉
321,古柯碱
322,谋杀
323,杀人
324,吸毒
325,贩毒
326,赌博
327,拐卖
328,走私
329,卖淫
330,强奸
331,轮奸
332,抢劫
333,先奸后杀
334,押大
335,押小
336,押注
337,下注
338,抽头
339,坐庄
340,赌马
341,赌球
342,筹码
343,老虎机
344,轮盘赌
345,安非他命
346,大麻
347,可卡因
348,海洛因
349,冰毒
350,摇头丸
351,杜冷丁
352,鸦片
353,罂粟
354,迷幻药
355,白粉
356,嗑药
357,冰粉
358,二奶
359,偷窥图片
360,成人影片
361,AV电影下载
362,夫妻床上激情自拍
363,处女
364,房事
365,坐台
366,猥亵
367,猥琐
368,肉欲
369,肉体
370,排泄
371,卵子
372,搞基
373,约炮
374,撸管子
375,处男
376,黄盘
377,毛盘
378,艾滋病
379,性病
380,叫春
381,牛B
382,牛比
383,J8
384,小姐兼职
385,交媾
386,毛片
387,黄片
388,交配
389,性事
390,偷窥
391,马拉戈壁
392,AIDS
393,DICK
394,penis
395,sex
396,SM
397,屙
398,爱滋
399,淋病
400,梅毒
401,爱液
402,屄
403,逼
404,臭机八
405,臭鸡巴
406,吹喇叭
407,吹箫
408,催情药
409,屌
410,肛交
411,肛门
412,龟头
413,黄色
414,机八
415,机巴
416,鸡八
417,鸡巴
418,机掰
419,鸡叭
420,鸡鸡
421,鸡掰
422,鸡奸
423,妓女
424,奸
425,茎
426,精液
427,精子
428,尻
429,口交
430,滥交
431,乱交
432,屁眼
433,嫖娼
434,强奸犯
435,情色
436,肉棒
437,乳房
438,乳峰
439,乳交
440,乳头
441,乳晕
442,三陪
443,色情
444,射精
445,手淫
446,威而钢
447,威而柔
448,伟哥
449,性高潮
450,性交
451,性虐
452,性欲
453,穴
454,颜射
455,阳物
456,一夜情
457,阴部
458,阴唇
459,阴道
460,阴蒂
461,阴核
462,阴户
463,阴茎
464,阴门
465,淫
466,淫秽
467,淫乱
468,淫水
469,淫娃
470,淫液
471,淫汁
472,淫穴
473,淫洞
474,援交妹
475,做爱
476,梦遗
477,阳痿
478,早泄
479,奸淫
480,Bitch
481,bt
482,cao
483,FUCK
484,kao
485,NMD
486,NND
487,sb
488,shit
489,SUCK
490,tmd
491,tnnd
492,K他命
493,白痴
494,笨蛋
495,变态
496,婊子
497,操她妈
498,操妳妈
499,操你
500,操你妈
501,操他妈
502,草你
503,肏
504,册那
505,侧那
506,测拿
507,插
508,蠢猪
509,荡妇
510,发骚
511,废物
512,干她妈
513,干妳
514,干妳娘
515,干你
516,干你妈
517,干你妈B
518,干你妈逼
519,干你娘
520,干他妈
521,狗娘养的
522,滚
523,贱货
524,贱人
525,烂人
526,老母
527,老土
528,妈比
529,妈的
530,马的
531,妳老母的
532,妳娘的
533,你妈逼
534,破鞋
535,仆街
536,去她妈
537,去妳的
538,去妳妈
539,去你的
540,去你妈
541,去死
542,去他妈
543,日
544,日你
545,赛她娘
546,赛妳娘
547,赛你娘
548,赛他娘
549,骚货
550,傻B
551,傻比
552,傻子
553,上妳
554,上你
555,神经病
556,屎
557,屎妳娘
558,屎你娘
559,他妈的
560,王八蛋
561,我操
562,我日
563,乡巴佬
564,猪猡
565,干
566,尿
567,掯
568,操
569,骑你
570,湿了
571,操他
572,操她
573,骑他
574,骑她
575,欠骑
576,欠人骑
577,来爽我
578,来插我
579,干他
580,干她
581,干死
582,干爆
583,干机
584,机叭
585,臭鸡
586,臭机
587,烂鸟
588,览叫
589,阳具
590,肉壶
591,奶子
592,摸咪咪
593,干鸡
594,干入
595,小穴
596,插你
597,爽你
598,干干
599,干X
600,他干
601,干它
602,干牠
603,干您
604,干汝
605,干林
606,操林
607,干尼
608,操尼
609,我咧干
610,干勒
611,干我
612,干到
613,干啦
614,干爽
615,欠干
616,狗干
617,我干
618,来干
619,轮干
620,轮流干
621,干一干
622,援交
623,奸暴
624,再奸
625,我奸
626,奸你
627,奸他
628,奸她
629,奸一奸
630,淫湿
631,鸡歪
632,臭西
633,遗精
634,烂逼
635,大血比
636,叼你妈
637,靠你妈
638,戳你
639,逼你老母
640,挨球
641,我日你
642,草拟妈
643,卖逼
644,狗操卖逼
645,日死
646,奶娘
647,他娘
648,她娘
649,骚B
650,你妈了妹
651,逼毛
652,插你妈
653,叼你
654,渣波波
655,嫩b
656,weelaa
657,缔顺
658,帝顺
659,蒂顺
660,系统消息
661,午夜
662,看下
663,草泥马
664,法克鱿
665,雅蠛蝶
666,潜烈蟹
667,菊花蚕
668,尾申鲸
669,吉跋猫
670,搞栗棒
671,吟稻雁
672,达菲鸡
673,ML
674,3P
675,群P
676,马勒戈壁
677,双飞
678,周恩來
679,碡
680,籀
681,朱駿
682,朱狨基
683,朱容基
684,朱溶剂
685,朱熔基
686,邾
687,猪操
688,猪聋畸
689,猪毛
690,猪毛1
691,舳
692,瘃
693,躅
694,翥
695,專政
696,颛
697,丬
698,隹
699,窀
700,卓伯源
701,倬
702,斫
703,诼
704,髭
705,鲻
706,子宫
707,秭
708,訾
709,自民党
710,自慰
711,自已的故事
712,自由民主论坛
713,总理
714,偬
715,诹
716,陬
717,鄹
718,鲰
719,躜
720,缵
721,作爱
722,作秀
723,阼
724,祚
725,阿扁萬歲
726,阿萊娜
727,啊無卵
728,埃裏克蘇特勤
729,埃斯萬
730,艾麗絲
731,愛滋
732,愛滋病
733,垵
734,暗黑法師
735,嶴
736,奧克拉
737,奧拉德
738,奧利弗
739,奧魯奇
740,奧倫
741,奧特蘭
742,㈧
743,巴倫侍從
744,巴倫坦
745,白立樸
746,白夢
747,白皮書
748,班禪
749,寶石商人
750,保釣
751,鮑戈
752,鮑彤
753,鮑伊
754,暴風亡靈
755,暴亂
756,暴熱的戰士
757,暴躁的城塔野獸
758,暴躁的警衛兵靈魂
759,暴躁的馬杜克
760,北大三角地論壇
761,北韓
762,北京當局
763,北美自由論壇
764,貝尤爾
765,韝
766,逼樣
767,比樣
768,蹕
769,颮
770,鑣
771,婊子養的
772,賓周
773,冰後
774,博訊
775,不滅帝王
776,不爽不要錢
777,布萊爾
778,布雷爾
779,蔡崇國
780,蔡啓芳
781,黲
782,操鶏
783,操那嗎B
784,操那嗎逼
785,操那嗎比
786,操你媽
787,操你爺爺
788,曹長青
789,曹剛川
790,草
791,草你媽
792,草擬媽
793,册那娘餓比
794,插那嗎B
795,插那嗎逼
796,插那嗎比
797,插你媽
798,插你爺爺
799,覘
800,蕆
801,囅
802,閶
803,長官沙塔特
804,常勁
805,朝鮮
806,車侖
807,車侖女幹
808,沉睡圖騰
809,陳炳基
810,陳博志
811,陳定南
812,陳建銘
813,陳景俊
814,陳菊
815,陳軍
816,陳良宇
817,陳蒙
818,陳破空
819,陳水扁
820,陳唐山
821,陳希同
822,陳小同
823,陳宣良
824,陳學聖
825,陳一諮
826,陳總統
827,諶
828,齔
829,櫬
830,讖
831,程凱
832,程鐵軍
833,鴟
834,痴鳩
835,痴拈
836,遲鈍的圖騰
837,持不同政見
838,赤色騎士
839,赤色戰士
840,處女膜
841,傳染性病
842,吹簫
843,春夏自由論壇
844,戳那嗎B
845,戳那嗎逼
846,戳那嗎比
847,輳
848,鹺
849,錯B
850,錯逼
851,錯比
852,錯那嗎B
853,錯那嗎逼
854,錯那嗎比
855,達夫警衛兵
856,達夫侍從
857,達癩
858,打飛機
859,大參考
860,大東亞
861,大東亞共榮
862,大鶏巴
863,大紀元
864,大紀元新聞網
865,大紀園
866,大家論壇
867,大奶媽
868,大史記
869,大史紀
870,大衛教
871,大中國論壇
872,大中華論壇
873,大衆真人真事
874,紿
875,戴維教
876,戴相龍
877,彈劾
878,氹
879,蕩婦
880,導師
881,盜竊犯
882,德維爾
883,登輝
884,鄧笑貧
885,糴
886,迪裏夏提
887,覿
888,地下教會
889,帝國主義
890,電視流氓
891,叼你媽
892,釣魚島
893,丁關根
894,東北獨立
895,東部地下水路
896,東方紅時空
897,東方時空
898,東南西北論談
899,東社
900,東升
901,東條
902,東條英機
903,東突暴動
904,東突獨立
905,東土耳其斯坦
906,東西南北論壇
907,東亞
908,東院看守
909,動亂
910,鬥士哈夫拉蘇
911,鬥士霍克
912,獨裁
913,獨裁政治
914,獨夫
915,獨立臺灣會
916,俄國
917,鮞
918,㈡
919,發楞
920,發掄
921,發掄功
922,發倫
923,發倫功
924,發輪
925,發論
926,發論公
927,發論功
928,發騷
929,發正念
930,法~倫
931,法~淪
932,法~綸
933,法~輪
934,法~論
935,法爾卡
936,法掄
937,法掄功
938,法侖
939,法淪
940,法綸
941,法輪大法
942,法輪功
943,法十輪十功
944,法謫
945,法謫功
946,反封鎖
947,反封鎖技術
948,反腐敗論壇
949,反人類
950,反社會
951,方勵之
952,防衛指揮官
953,放蕩
954,飛揚論壇
955,廢墟守護者
956,費鴻泰
957,費良勇
958,分隊長施蒂文
959,粉飾太平
960,糞便
961,鱝
962,豐饒的果實
963,風雨神州
964,風雨神州論壇
965,封從德
966,封殺
967,封印的靈魂騎士
968,馮東海
969,馮素英
970,紱
971,襆
972,嘸
973,傅作義
974,幹bi
975,幹逼
976,幹比
977,幹的你
978,幹幹幹
979,幹她
980,幹你
981,幹你老比
982,幹你老母
983,幹你娘
984,幹全家
985,幹死
986,幹死你
987,幹他
988,幹一家
989,趕你娘
990,岡巒
991,剛比
992,剛比樣子
993,崗哨士兵
994,肛門
995,高麗棒子
996,高文謙
997,高薪養廉
998,高自聯
999,膏藥旗
1000,戈瑞爾德
1001,戈揚
1002,鴿派
1003,歌功頌德
1004,格雷(關卡排名管理者)
1005,格魯
1006,格魯(城鎮移動)
1007,鯁
1008,工自聯
1009,弓雖
1010,共産
1011,共産黨
1012,共産主義
1013,共黨
1014,共軍
1015,共榮圈
1016,緱
1017,狗誠
1018,狗狼養的
1019,狗娘養的
1020,狗養
1021,狗雜種
1022,覯
1023,轂
1024,古龍祭壇
1025,骨獅
1026,鯝
1027,鴰
1028,詿
1029,關卓中
1030,貫通兩極法
1031,廣聞
1032,嬀
1033,龜兒子
1034,龜公
1035,龜孫子
1036,龜頭
1037,龜投
1038,劌
1039,緄
1040,滾那嗎
1041,滾那嗎B
1042,滾那嗎錯比
1043,滾那嗎老比
1044,滾那嗎瘟比
1045,鯀
1046,咼
1047,郭俊銘
1048,郭羅基
1049,郭岩華
1050,國家安全
1051,國家機密
1052,國軍
1053,國賊
1054,哈爾羅尼
1055,頇
1056,韓東方
1057,韓聯潮
1058,韓正
1059,漢奸
1060,顥
1061,灝
1062,河殤
1063,賀國强
1064,賀龍
1065,黑社會
1066,黑手黨
1067,紅燈區
1068,紅色恐怖
1069,紅炎猛獸
1070,洪傳
1071,洪興
1072,洪哲勝
1073,黌
1074,鱟
1075,胡緊掏
1076,胡錦滔
1077,胡錦淘
1078,胡景濤
1079,胡喬木
1080,胡總書記
1081,湖岸護衛兵
1082,湖岸警衛兵
1083,湖岸哨兵隊長
1084,護法
1085,鸌
1086,華建敏
1087,華通時事論壇
1088,華夏文摘
1089,華語世界論壇
1090,華岳時事論壇
1091,懷特
1092,鍰
1093,皇軍
1094,黃伯源
1095,黃慈萍
1096,黃禍
1097,黃劍輝
1098,黃金幼龍
1099,黃菊
1100,黃片
1101,黃翔
1102,黃義交
1103,黃仲生
1104,回民暴動
1105,噦
1106,繢
1107,毀滅步兵
1108,毀滅騎士
1109,毀滅射手
1110,昏迷圖騰
1111,混亂的圖騰
1112,鍃
1113,活動
1114,擊倒圖騰
1115,擊傷的圖騰
1116,鶏8
1117,鶏八
1118,鶏巴
1119,鶏吧
1120,鶏鶏
1121,鶏奸
1122,鶏毛信文匯
1123,鶏女
1124,鶏院
1125,姬勝德
1126,積克館
1127,賫
1128,鱭
1129,賈廷安
1130,賈育台
1131,戔
1132,監視塔
1133,監視塔哨兵
1134,監視塔哨兵隊長
1135,鰹
1136,韉
1137,簡肇棟
1138,建國黨
1139,賤B
1140,賤bi
1141,賤逼
1142,賤比
1143,賤貨
1144,賤人
1145,賤種
1146,江八點
1147,江羅
1148,江綿恒
1149,江戲子
1150,江則民
1151,江澤慧
1152,江賊
1153,江賊民
1154,薑春雲
1155,將則民
1156,僵賊
1157,僵賊民
1158,講法
1159,蔣介石
1160,蔣中正
1161,降低命中的圖騰
1162,醬猪媳
1163,撟
1164,狡猾的達夫
1165,矯健的馬努爾
1166,嶠
1167,教養院
1168,癤
1169,揭批書
1170,訐
1171,她媽
1172,届中央政治局委員
1173,金槍不倒
1174,金堯如
1175,金澤辰
1176,巹
1177,錦濤
1178,經文
1179,經血
1180,莖候佳陰
1181,荊棘護衛兵
1182,靖國神社
1183,㈨
1184,舊斗篷哨兵
1185,齟
1186,巨槌騎兵
1187,巨鐵角哈克
1188,鋸齒通道被遺弃的骷髏
1189,鋸齒通道骷髏
1190,屨
1191,棬
1192,絕望之地
1193,譎
1194,軍妓
1195,開苞
1196,開放雜志
1197,凱奧勒尼什
1198,凱爾本
1199,凱爾雷斯
1200,凱特切爾
1201,砍翻一條街
1202,看中國
1203,闞
1204,靠你媽
1205,柯賜海
1206,柯建銘
1207,科萊爾
1208,克萊恩
1209,克萊特
1210,克勞森
1211,客戶服務
1212,緙
1213,空氣精靈
1214,空虛的伊坤
1215,空虛之地
1216,恐怖主義
1217,瞘
1218,嚳
1219,鄺錦文
1220,貺
1221,昆圖
1222,拉姆斯菲爾德
1223,拉皮條
1224,萊特
1225,賴士葆
1226,蘭迪
1227,爛B
1228,爛逼
1229,爛比
1230,爛袋
1231,爛貨
1232,濫B
1233,濫逼
1234,濫比
1235,濫貨
1236,濫交
1237,勞動教養所
1238,勞改
1239,勞教
1240,鰳
1241,雷尼亞
1242,誄
1243,李紅痔
1244,李洪寬
1245,李繼耐
1246,李蘭菊
1247,李老師
1248,李錄
1249,李祿
1250,李慶安
1251,李慶華
1252,李淑嫻
1253,李鐵映
1254,李旺陽
1255,李小鵬
1256,李月月鳥
1257,李志綏
1258,李總理
1259,李總統
1260,裏菲斯
1261,鱧
1262,轢
1263,躒
1264,奩
1265,連方瑀
1266,連惠心
1267,連勝德
1268,連勝文
1269,連戰
1270,聯總
1271,廉政大論壇
1272,煉功
1273,兩岸關係
1274,兩岸三地論壇
1275,兩個中國
1276,兩會
1277,兩會報道
1278,兩會新聞
1279,廖錫龍
1280,林保華
1281,林長盛
1282,林佳龍
1283,林信義
1284,林正勝
1285,林重謨
1286,躪
1287,淩鋒
1288,劉賓深
1289,劉賓雁
1290,劉剛
1291,劉國凱
1292,劉華清
1293,劉俊國
1294,劉凱中
1295,劉千石
1296,劉青
1297,劉山青
1298,劉士賢
1299,劉文勝
1300,劉文雄
1301,劉曉波
1302,劉曉竹
1303,劉永川
1304,㈥
1305,鷚
1306,龍虎豹
1307,龍火之心
1308,盧卡
1309,盧西德
1310,陸委會
1311,輅
1312,呂京花
1313,呂秀蓮
1314,亂交
1315,亂倫
1316,亂輪
1317,鋝
1318,掄功
1319,倫功
1320,輪大
1321,輪功
1322,輪奸
1323,論壇管理員
1324,羅福助
1325,羅幹
1326,羅禮詩
1327,羅文嘉
1328,羅志明
1329,腡
1330,濼
1331,洛克菲爾特
1332,媽B
1333,媽比
1334,媽的
1335,媽批
1336,馬大維
1337,馬克思
1338,馬良駿
1339,馬三家
1340,馬時敏
1341,馬特斯
1342,馬英九
1343,馬永成
1344,瑪麗亞
1345,瑪雅
1346,嗎的
1347,嗎啡
1348,勱
1349,麥克斯
1350,賣逼
1351,賣比
1352,賣國
1353,賣騷
1354,賣淫
1355,瞞報
1356,毛厠洞
1357,毛賊
1358,毛賊東
1359,美國
1360,美國參考
1361,美國佬
1362,美國之音
1363,蒙獨
1364,蒙古達子
1365,蒙古獨
1366,蒙古獨立
1367,禰
1368,羋
1369,綿恒
1370,黽
1371,民國
1372,民進黨
1373,民聯
1374,民意論壇
1375,民陣
1376,民主墻
1377,緡
1378,湣
1379,鰵
1380,摸你鶏巴
1381,莫偉强
1382,木子論壇
1383,內褲
1384,內衣
1385,那嗎B
1386,那嗎逼
1387,那嗎錯比
1388,那嗎老比
1389,那嗎瘟比
1390,那娘錯比
1391,納粹
1392,奶頭
1393,南大自由論壇
1394,南蠻子
1395,鬧事
1396,能樣
1397,尼奧夫
1398,倪育賢
1399,鯢
1400,你媽
1401,你媽逼
1402,你媽比
1403,你媽的
1404,你媽了妹
1405,你說我說論壇
1406,你爺
1407,娘餓比
1408,捏你鶏巴
1409,儂著岡巒
1410,儂著卵拋
1411,奴隸魔族士兵
1412,女幹
1413,女主人羅姬馬莉
1414,儺
1415,諾姆
1416,潘國平
1417,蹣
1418,龐建國
1419,泡沫經濟
1420,轡
1421,噴你
1422,皮條客
1423,羆
1424,諞
1425,潑婦
1426,齊墨
1427,齊諾
1428,騎你
1429,磧
1430,僉
1431,鈐
1432,錢達
1433,錢國梁
1434,錢其琛
1435,膁
1436,槧
1437,錆
1438,繰
1439,喬石
1440,喬伊
1441,橋侵襲兵
1442,譙
1443,鞽
1444,篋
1445,親美
1446,親民黨
1447,親日
1448,欽本立
1449,禽獸
1450,唚
1451,輕舟快訊
1452,情婦
1453,情獸
1454,檾
1455,慶紅
1456,丘垂貞
1457,詘
1458,去你媽的
1459,闃
1460,全國兩會
1461,全國人大
1462,犬
1463,綣
1464,瘸腿幫
1465,愨
1466,讓你操
1467,熱比婭
1468,熱站政論網
1469,人民報
1470,人民大會堂
1471,人民內情真相
1472,人民真實
1473,人民之聲論壇
1474,人權
1475,日本帝國
1476,日軍
1477,日內瓦金融
1478,日你媽
1479,日你爺爺
1480,日朱駿
1481,顬
1482,乳頭
1483,乳暈
1484,瑞士金融大學
1485,薩達姆
1486,三K黨
1487,三個代表
1488,三級片
1489,三去車侖工力
1490,㈢
1491,毿
1492,糝
1493,騷B
1494,騷棒
1495,騷包
1496,騷逼
1497,騷棍
1498,騷貨
1499,騷鶏
1500,騷卵
1501,殺你全家
1502,殺你一家
1503,殺人犯
1504,傻鳥
1505,煞筆
1506,山口組
1507,善惡有報
1508,上訪
1509,上海幫
1510,上海孤兒院
1511,厙
1512,社會主義
1513,射了還說要
1514,灄
1515,詵
1516,神經病
1517,諗
1518,生孩子沒屁眼
1519,生命分流的圖騰
1520,澠
1521,聖射手
1522,聖戰
1523,盛華仁
1524,濕了還說不要
1525,濕了還說要
1526,釃
1527,鯴
1528,㈩
1529,石化圖騰
1530,石拳戰鬥兵
1531,時代論壇
1532,時事論壇
1533,鰣
1534,史萊姆
1535,史萊姆王
1536,士兵管理員瓦爾臣
1537,世界經濟導報
1538,事實獨立
1539,侍從貝赫爾特
1540,侍從倫斯韋
1541,貰
1542,攄
1543,數據中國
1544,雙十節
1545,氵去車侖工力
1546,氵去車侖工力?
1547,稅力
1548,司馬晋
1549,司馬璐
1550,司徒華
1551,私?服
1552,私處
1553,思科羅
1554,斯諾
1555,斯皮爾德
1556,四川獨
1557,四川獨立
1558,四人幫
1559,㈣
1560,宋書元
1561,藪
1562,蘇菲爾
1563,蘇拉
1564,蘇南成
1565,蘇紹智
1566,蘇特勒守護兵
1567,蘇特勤
1568,蘇特勤護衛兵
1569,蘇特勤魔法師
1570,蘇曉康
1571,蘇盈貴
1572,蘇貞昌
1573,誶
1574,碎片製造商人馬克
1575,碎片製造商人蘇克
1576,孫大千
1577,孫中山
1578,他媽
1579,他媽的
1580,他嗎的
1581,他母親
1582,塔內
1583,塔烏
1584,鰨
1585,闥
1586,臺盟
1587,臺灣帝國
1588,臺灣獨立
1589,臺灣獨
1590,臺灣共産黨
1591,臺灣狗
1592,臺灣建國運動組織
1593,臺灣民國
1594,臺灣青年獨立聯盟
1595,臺灣政論區
1596,臺灣自由聯盟
1597,鮐
1598,太監
1599,泰奴橋警衛兵
1600,泰奴橋掠奪者
1601,湯光中
1602,唐柏橋
1603,鞀
1604,謄
1605,天安門
1606,天安門錄影帶
1607,天安門事件
1608,天安門屠殺
1609,天安門一代
1610,天閹
1611,田紀雲
1612,齠
1613,鰷
1614,銚
1615,庭院警衛兵
1616,統獨
1617,統獨論壇
1618,統戰
1619,頭領奧馬
1620,頭領墳墓管理員
1621,圖書管理員卡特
1622,屠殺
1623,團長戈登
1624,團員馬爾汀
1625,摶
1626,鼉
1627,籜
1628,膃
1629,外交論壇
1630,外交與方略
1631,晚年周恩來
1632,綰
1633,萬里
1634,萬潤南
1635,萬維讀者論壇
1636,萬曉東
1637,王寶森
1638,王超華
1639,王輔臣
1640,王剛
1641,王涵萬
1642,王滬寧
1643,王軍濤
1644,王樂泉
1645,王潤生
1646,王世堅
1647,王世勛
1648,王秀麗
1649,王兆國
1650,網禪
1651,網特
1652,猥褻
1653,鮪
1654,溫B
1655,溫逼
1656,溫比
1657,溫家寶
1658,溫元凱
1659,閿
1660,無界瀏覽器
1661,吳百益
1662,吳敦義
1663,吳方城
1664,吳弘達
1665,吳宏達
1666,吳仁華
1667,吳淑珍
1668,吳學燦
1669,吳學璨
1670,吳育升
1671,吳志芳
1672,西藏獨
1673,吸收的圖騰
1674,吸血獸
1675,覡
1676,洗腦
1677,系統
1678,系統公告
1679,餼
1680,郤
1681,下賤
1682,下體
1683,薟
1684,躚
1685,鮮族
1686,獫
1687,蜆
1688,峴
1689,現金
1690,現金交易
1691,獻祭的圖騰
1692,鯗
1693,項懷誠
1694,項小吉
1695,嘵
1696,小B樣
1697,小比樣
1698,小參考
1699,小鶏鶏
1700,小靈通
1701,小泉純一郎
1702,謝長廷
1703,謝深山
1704,謝選駿
1705,謝中之
1706,辛灝年
1707,新觀察論壇
1708,新華舉報
1709,新華內情
1710,新華通論壇
1711,新疆獨
1712,新生網
1713,新手訓練營
1714,新聞出版總署
1715,新聞封鎖
1716,新義安
1717,新語絲
1718,信用危機
1719,邢錚
1720,性愛
1721,性無能
1722,修煉
1723,頊
1724,虛弱圖騰
1725,虛無的飽食者
1726,徐國舅
1727,許財利
1728,許家屯
1729,許信良
1730,諼
1731,薛偉
1732,學潮
1733,學聯
1734,學運
1735,學自聯
1736,澩
1737,閹狗
1738,訁
1739,嚴家其
1740,嚴家祺
1741,閻明複
1742,顔清標
1743,顔慶章
1744,顔射
1745,讞
1746,央視內部晚會
1747,陽具
1748,陽痿
1749,陽物
1750,楊懷安
1751,楊建利
1752,楊巍
1753,楊月清
1754,楊周
1755,姚羅
1756,姚月謙
1757,軺
1758,搖頭丸
1759,藥材商人蘇耐得
1760,藥水
1761,耶穌
1762,野鶏
1763,葉菊蘭
1764,夜話紫禁城
1765,一陀糞
1766,㈠
1767,伊莎貝爾
1768,伊斯蘭
1769,伊斯蘭亞格林尼斯
1770,遺精
1771,議長阿茵斯塔
1772,議員斯格文德
1773,异見人士
1774,异型叛軍
1775,异議人士
1776,易丹軒
1777,意志不堅的圖騰
1778,瘞
1779,陰部
1780,陰唇
1781,陰道
1782,陰蒂
1783,陰戶
1784,陰莖
1785,陰精
1786,陰毛
1787,陰門
1788,陰囊
1789,陰水
1790,淫蕩
1791,淫穢
1792,淫貨
1793,淫賤
1794,尹慶民
1795,引導
1796,隱者之路
1797,鷹眼派氏族
1798,硬直圖騰
1799,憂鬱的艾拉
1800,尤比亞
1801,由喜貴
1802,游蕩的僵尸
1803,游蕩的士兵
1804,游蕩爪牙
1805,游錫坤
1806,游戲管理員
1807,友好的魯德
1808,幼齒
1809,幼龍
1810,于幼軍
1811,余英時
1812,漁夫菲斯曼
1813,輿論
1814,輿論反制
1815,傴
1816,宇明網
1817,齬
1818,飫
1819,鵒
1820,元老蘭提(沃德）
1821,圓滿
1822,緣圈圈
1823,遠志明
1824,月經
1825,韞
1826,雜種
1827,鏨
1828,造愛
1829,則民
1830,擇民
1831,澤夫
1832,澤民
1833,賾
1834,賊民
1835,譖
1836,扎卡維是英雄
1837,驏
1838,張伯笠
1839,張博雅
1840,張鋼
1841,張健
1842,張林
1843,張清芳
1844,張偉國
1845,張溫鷹
1846,張昭富
1847,張志清
1848,章孝嚴
1849,帳號
1850,賬號
1851,招鶏
1852,趙海青
1853,趙建銘
1854,趙南
1855,趙品潞
1856,趙曉微
1857,趙紫陽
1858,貞操
1859,鎮壓
1860,爭鳴論壇
1861,正見網
1862,正義黨論壇
1863,㊣
1864,鄭寶清
1865,鄭麗文
1866,鄭義
1867,鄭餘鎮
1868,鄭源
1869,鄭運鵬
1870,政權
1871,政治反對派
1872,縶
1873,躑
1874,指點江山論壇
1875,騭
1876,觶
1877,躓
1878,中毒的圖騰
1879,中毒圖騰
1880,中俄邊界
1881,中國復興論壇
1882,中國共産黨
1883,中國孤兒院
1884,中國和平
1885,中國論壇
1886,中國社會進步黨
1887,中國社會論壇
1888,中國威脅論
1889,中國問題論壇
1890,中國移動通信
1891,中國真實內容
1892,中國之春
1893,中國猪
1894,中華大地
1895,中華大衆
1896,中華講清
1897,中華民國
1898,中華人民實話實說
1899,中華人民正邪
1900,中華時事
1901,中華養生益智功
1902,中華真實報道
1903,中央電視臺
1904,鐘山風雨論壇
1905,周鋒鎖
1906,周守訓
1907,朱鳳芝
1908,朱立倫
1909,朱溶劑
1910,㈱
1911,猪聾畸
1912,主攻指揮官
1913,主義
1914,助手威爾特
1915,專制
1916,顓
1917,轉化
1918,諑
1919,資本主義
1920,鯔
1921,子宮
1922,自民黨
1923,自由民主論壇
1924,總理
1925,諏
1926,鯫
1927,躦
1928,纘
1929,作愛
1930,做愛
1931,胡总书记
1932,胡景涛
1933,大纪元
1934,大纪元新闻网
1935,燕玲论坛
1936,urban
1937,煞笔
1938,urban-rivals
1939,rivals
1940,UR
1941,她妈
1942,牛逼
1943,傻逼
1944,装逼
1945,装B
1946,日你妈
1947,不玩了
1948,删号
1949,卖号
1950,妈逼
1951,草你妈
1952,T.M.D
1953,JB
1954,出售账号
1955,出售此号
1956,U/R
1957,U-R
1958,吗的
1959,8仙
1960,狗日
1961,出售神符
1962,NPC
1963,*法*轮*功*
1964,*李*洪*志*阿扁
1965,阿拉
1966,安全局
1967,澳洲光明网
1968,八九
1969,八九风波
1970,办理文凭
1971,办理证件
1972,包皮
1973,保钓
1974,保监会
1975,保密局
1976,鸨
1977,鲍岳桥
1978,暴动
1979,暴乱
1980,暴徒
1981,北京之春
1982,贝肉
1983,本?拉登
1984,苯比
1985,笨屄
1986,笨逼
1987,屄毛
1988,逼样
1989,比毛
1990,婊
1991,宾周
1992,波霸
1993,博讯
1994,薄一波
1995,布雷尔
1996,财政部
1997,参事室
1998,操GM
1999,操XX
2000,操逼
2001,操比
2002,操蛋
2003,乱伦
2004,群交
2005,茉莉花革命
2006,操你八辈祖宗
2007,操你妈屄
2008,草的你妈
2009,草妈
2010,测绘局
2011,插GM
2012,插妳
2013,插深些
2014,产权局
2015,朝鲜
2016,车臣
2017,车仑
2018,陈功
2019,陈希同
2020,陈晓宁
2021,成人电影
2022,成人片
2023,吃大便
2024,吃屎
2025,迟浩田
2026,赤匪
2027,抽插
2028,抽你丫的
2029,臭化西
2030,出售假币
2031,出售枪支
2032,出售手枪
2033,春药
2034,粗制吗啡
2035,达赖
2036,打炮
2037,大B
2038,大逼
2039,大便
2040,大波波
2041,大麻树脂
2042,大麻油
2043,大师
2044,戴维教
2045,大学骚乱
2046,大血B
2047,呆卵
2048,戴海静
2049,戴红
2050,戴晶
2051,党主席
2052,档案局
2053,盗窃犯
2054,道教
2055,帝国主义
2056,电监会
2057,屌7
2058,屌鸠
2059,屌毛
2060,屌妳
2061,屌七
2062,屌西
2063,钓鱼台
2064,丁关根
2065,丁子霖
2066,东北独立
2067,东升
2068,东突
2069,东突暴动和独立
2070,东突组织
2071,董建华
2072,董贱华
2073,董文华
2074,懂文华
2075,独立
2076,独立台湾会
2077,二B
2078,二屄
2079,二逼
2080,二乙基酰胺发抡
2081,发抡功
2082,发伦
2083,发伦功
2084,发轮
2085,发论
2086,发论公
2087,发论功
2088,法(轮)功
2089,法*轮*功
2090,法功
2091,法愣
2092,法仑
2093,法西斯
2094,法制办
2095,反动
2096,反革命
2097,发票
2098,性奴
2099,反华
2100,反恐委员会
2101,反日
2102,反政府
2103,分裂祖国
2104,佛教
2105,佛展千手法
2106,佛祖
2107,斧头镰刀
2108,阝月
2109,傅鹏
2110,傅作义
2111,干GM
2112,干拎娘
2113,干妳老母
2114,干妳妈
2115,干七八
2116,干死你
2117,肛
2118,港澳办
2119,高俊
2120,高校暴乱
2121,高校群体事件
2122,高校骚乱
2123,睾
2124,睾丸
2125,膏药旗
2126,弓虽女干
2127,公安
2128,公安部
2129,公安局
2130,共产主义
2131,共狗
2132,狗b
2133,狗操
2134,狗卵
2135,狗娘
2136,狗屁
2137,狗日的
2138,狗屎
2139,观世音
2140,官逼民反
2141,官商勾结
2142,龟儿子
2143,龟公
2144,龟孙子
2145,鬼村
2146,国安局
2147,国防部
2148,国防科工委
2149,国管局
2150,国际法院
2151,国家民委
2152,国家主席
2153,国家主要部委
2154,国民党
2155,国民党万岁
2156,海洋局
2157,何候华
2158,黑社会
2159,黑手党
2160,红卫兵
2161,洪兴
2162,洪志
2163,后庭
2164,胡XX
2165,胡紧涛
2166,胡紧掏
2167,胡紧套
2168,胡锦淘
2169,胡乔木
2170,胡主席
2171,花柳
2172,换妻
2173,黄　菊
2174,黄色电影
2175,黄色小电影
2176,回教
2177,回民暴动
2178,回族人吃猪肉
2179,昏药
2180,火棒
2181,鸡芭
2182,基督
2183,激情电影
2184,激情小电影
2185,鸡
2186,计牌软件
2187,计生委
2188,妓
2189,妓院
2190,奸夫淫妇
2191,贱
2192,贱逼
2193,江Core
2194,江八
2195,江八点
2196,江独裁
2197,江核心
2198,江戏子
2199,江择民
2200,江贼民
2201,江折民
2202,江猪
2203,江猪媳
2204,江主席
2205,僵贼民
2206,酱猪媳
2207,交通部
2208,姣西
2209,叫床
2210,叫鸡
2211,叫小姐
2212,教育部
2213,她妈的金日成
2214,禁书
2215,经济社会理事会
2216,经社理事会
2217,警匪一家
2218,敬国神社
2219,靖国神社
2220,静坐
2221,纠察员
2222,鸠
2223,鸠屎
2224,军长发威
2225,军国主义
2226,军妓
2227,靠
2228,靠腰
2229,可待因
2230,可卡叶
2231,恐怖份子
2232,恐怖主义
2233,寇晓伟
2234,狂操
2235,狂操你全家
2236,拉登
2237,懒教
2238,烂B
2239,烂屄
2240,烂比
2241,烂屌
2242,烂货
2243,劳+教+所
2244,劳动保障部
2245,老逼
2246,黎阳评
2247,李弘旨
2248,李红志
2249,李宏旨
2250,李宏志
2251,李鹏*
2252,李山
2253,李铁映
2254,李先念
2255,联大
2256,联合国
2257,联合国大会
2258,联易
2259,联易互动
2260,粮食局
2261,两腿之间
2262,林业局
2263,刘　淇
2264,刘军
2265,流氓
2266,六.四
2267,六。四
2268,六?四
2269,六合彩
2270,六-四
2271,六四事件
2272,六四真相
2273,龙新民
2274,旅游局
2275,卵
2276,轮功
2277,罗　干
2278,骡干
2279,妈卖妈屁
2280,妈批
2281,妈祖
2282,妈B
2283,麻醉钢枪
2284,麻醉枪
2285,麻醉药
2286,麻醉乙醚
2287,马卖马屁
2288,吗啡
2289,吗啡碱
2290,吗啡片
2291,买财富
2292,买卖枪支
2293,麦角酸
2294,卖.国
2295,卖B
2296,卖ID
2297,卖QQ
2298,卖比
2299,卖财富
2300,卖党求荣
2301,卖国
2302,卖国求荣
2303,卖卡
2304,卖软件
2305,毛XX
2306,毛厕洞
2307,毛一鲜
2308,毛贼东
2309,毛主席
2310,梅花网
2311,美国
2312,美国佬
2313,美利坚
2314,蒙尘药
2315,蒙独
2316,蒙古达子
2317,蒙古独立
2318,迷魂药
2319,迷奸药
2320,迷歼药
2321,迷药
2322,密洞
2323,民航局
2324,民政部
2325,莫索里尼
2326,穆斯林
2327,妳妈的
2328,妳马的
2329,南联盟
2330,南蛮子
2331,伱妈
2332,你爸
2333,你大爷
2334,你二大爷
2335,你老母
2336,你老味
2337,你姥
2338,你姥姥的
2339,你妈
2340,你妈的
2341,你娘
2342,你爷爷的
2343,鸟GM
2344,鸟你
2345,农业部
2346,虐待
2347,拍肩神药
2348,喷你
2349,彭真
2350,皮条
2351,嫖客
2352,苹果日报
2353,破坏
2354,气象局
2355,钱其琛
2356,枪决女犯
2357,枪决现场
2358,枪支弹药
2359,强卫
2360,强效失意药
2361,强硬发言
2362,乔石
2363,侨办
2364,切七
2365,窃听器
2366,窃听器材
2367,青天白日
2368,去你妈的
2369,全国人大
2370,人大
2371,人大代表
2372,人代会
2373,人弹
2374,人民
2375,人民大会堂
2376,人民广场
2377,人民日报
2378,人民银行
2379,人体炸弹
2380,日GM
2381,日X妈
2382,日本RING
2383,日本鬼子
2384,日你娘
2385,日他娘
2386,肉壁
2387,肉洞
2388,肉缝
2389,肉棍
2390,肉棍子
2391,肉穴
2392,乳
2393,乳波臀浪
2394,撒尿
2395,塞白
2396,塞你爸
2397,塞你公
2398,塞你老母
2399,塞你老师
2400,塞你母
2401,塞你娘
2402,三个呆婊
2403,三个代婊
2404,三级片
2405,三民主义
2406,三陪女
2407,三去车仑
2408,三唑仑
2409,骚
2410,骚逼
2411,色情电影
2412,色情服务
2413,色情小电影
2414,杀人犯
2415,傻屄
2416,傻吊
2417,傻卵
2418,煞逼
2419,商务部
2420,社科院
2421,身份生成器
2422,神通加持法
2423,生鸦片
2424,圣女峰
2425,十八摸
2426,十年动乱石进
2427,食捻屎
2428,食屎
2429,驶你爸
2430,驶你公
2431,驶你老母
2432,驶你老师
2433,驶你母
2434,驶你娘
2435,是鸡
2436,受虐狂
2437,售ID
2438,售号
2439,售软件
2440,双峰微颤
2441,氵去
2442,水利部
2443,水去车仑
2444,税务总局
2445,司法部
2446,私服
2447,私/服
2448,私\\服
2449,私-服
2450,私—服
2451,死gd
2452,死gm
2453,死全家
2454,四川独立
2455,四人帮
2456,宋祖英
2457,他爹
2458,他妈
2459,他马的
2460,他母亲
2461,他祖宗
2462,台办
2463,台湾党
2464,台湾帝国
2465,台湾共产党
2466,台湾共和国
2467,台湾狗
2468,太监
2469,天皇陛下
2470,田纪云
2471,舔西
2472,投毒杀人
2473,透视软件
2474,推油
2475,外　挂
2476,外挂
2477,外/挂
2478,外\\挂
2479,外_挂
2480,外-挂
2481,外—挂
2482,外汇局
2483,外交部
2484,外专局
2485,晚年周恩来
2486,万税
2487,王宝森
2488,王昊
2489,王太华
2490,王震
2491,网管
2492,卫生部
2493,温加宝
2494,温家保
2495,温馨
2496,温总理
2497,文化部
2498,文物局
2499,倭国
2500,倭寇
2501,我操你
2502,我妳老爸
2503,无界浏览器
2504,吴　仪
2505,五星红旗
2506,西藏天葬
2507,希望之声
2508,洗脑班
2509,系统
2510,系统公告
2511,系统讯息
2512,鲜族
2513,想上你
2514,小鸡鸡
2515,小泉纯一郎
2516,小日本
2517,小肉粒
2518,小乳头
2519,邪教
2520,兴奋剂
2521,性爱
2522,性虐待
2523,性无能
2524,徐光春
2525,血逼
2526,血腥图片
2527,鸦片液
2528,鸦片渣
2529,烟草局
2530,严方军
2531,阳精
2532,摇头玩
2533,耶苏
2534,夜情
2535,一党专制
2536,一国两制
2537,伊拉克
2538,伊朗
2539,以茎至洞
2540,抑制剂
2541,阴毛
2542,阴水
2543,阴小撕大
2544,淫荡
2545,淫货
2546,淫贱
2547,淫叫
2548,淫毛
2549,淫靡
2550,淫语连连
2551,淫欲
2552,英雄纪念碑
2553,硬挺
2554,邮政局
2555,游戏发奖员
2556,游戏宫理员
2557,游戏管理员
2558,舆论钳制
2559,玉杵
2560,欲火焚身
2561,原子能机构
2562,远程偷拍
2563,曰GM
2564,曰你
2565,月经
2566,月经不调
2567,扎卡维是英雄
2568,杂种
2569,扎卡维
2570,张朝阳
2571,张潮阳
2572,张磊
2573,张小平
2574,侦探设备
2575,中国恐怖组织
2576,中华民国
2577,中南海
2578,中宣部
2579,周总理
2580,朱容鸡
2581,朱总理
2582,猪容基
2583,主席
2584,装屄
2585,追查国际
2586,子女任职名单
2587,自杀手册
2588,自杀指南
2589,自制手枪
2590,自治机关
2591,宗教
2592,总局
2593,坐台的
2594,操逼毛
2595,taobao
2596,webgame.com.cn
2597,垃圾游戏
2598,烂游戏
2599,淘宝
2600,h站
2601,龙虎
2602,虎门
2603,龙虎门
2604,WEB牌戰
2605,WEB战牌
2606,战牌
2607,ＵＲ
2608,街头对抗
2609,混沌决
2610,默罕默德
2611,ISIS
2612,ISIL
2613,操你妈逼
2614,肏屄
2615,偷窥视频
2616,全能神教
2617,强暴幼女
2618,希特勒、
2619,核工业基地、
2620,二奶、
2621,偷窥图片、
2622,成人影片、
2623,AV电影下载、
2624,夫妻床上激情自拍、
2625,房事、
2626,押大、
2627,押小、
2628,坐台、
2629,猥亵、
2630,猥琐、
2631,肉欲、
2632,肉体、
2633,排泄、
2634,卵子、
2635,搞基、
2636,约炮、
2637,处男、
2638,黄盘、
2639,毛盘、
2640,艾滋病、
2641,性病、
2642,叫春、
2643,牛B、
2644,牛比、
2645,交媾、
2646,毛片、
2647,黄片、
2648,交配、
2649,性事、
2650,偷窥、
2651,马拉戈壁、
2652,AIDS、
2653,DICK、
2654,penis、
2655,sex、
2656,SM、
2657,屙、
2658,淋病、
2659,梅毒、
2660,爱液、
2661,屄、
2662,逼、
2663,臭机八、
2664,吹喇叭、
2665,吹箫、
2666,催情药、
2667,屌、
2668,肛交、
2669,肛门、
2670,龟头、
2671,黄色、
2672,机八、
2673,机巴、
2674,鸡八、
2675,鸡巴、
2676,机掰、
2677,鸡叭、
2678,鸡鸡、
2679,鸡掰、
2680,鸡奸、
2681,妓女、
2682,奸、
2683,茎、
2684,精液、
2685,精子、
2686,尻、
2687,滥交、
2688,乱交、
2689,卖淫、
2690,屁眼、
2691,嫖娼、
2692,强奸、
2693,强奸犯、
2694,情色、
2695,肉棒、
2696,乳房、
2697,乳峰、
2698,乳交、
2699,乳头、
2700,乳晕、
2701,三陪、
2702,色情、
2703,射精、
2704,手淫、
2705,威而钢、
2706,威而柔、
2707,伟哥、
2708,性高潮、
2709,性交、
2710,性虐、
2711,性欲、
2712,穴、
2713,颜射、
2714,阳物、
2715,一夜情、
2716,阴部、
2717,阴唇、
2718,阴道、
2719,阴蒂、
2720,阴核、
2721,阴户、
2722,阴茎、
2723,阴门、
2724,淫、
2725,淫秽、
2726,淫乱、
2727,淫水、
2728,淫娃、
2729,淫液、
2730,淫汁、
2731,淫穴、
2732,淫洞、
2733,援交妹、
2734,做爱、
2735,梦遗、
2736,阳痿、
2737,早泄、
2738,奸淫、
2739,bt、
2740,cao、
2741,FUCK、
2742,kao、
2743,NMD、
2744,NND、
2745,sb、
2746,SHIT、
2747,SUCK、
2748,tmd、
2749,tnnd、
2750,K他命、
2751,白痴、
2752,笨蛋、
2753,婊子、
2754,操她妈、
2755,操妳妈、
2756,操你、
2757,操你妈、
2758,操他妈、
2759,草你、
2760,肏、
2761,册那、
2762,侧那、
2763,测拿、
2764,插、
2765,蠢猪、
2766,荡妇、
2767,发骚、
2768,废物、
2769,干她妈、
2770,干妳、
2771,干妳娘、
2772,干你、
2773,干你妈、
2774,干你妈b、
2775,干你妈逼、
2776,干你娘、
2777,干他妈、
2778,狗娘养的、
2779,滚、
2780,贱货、
2781,贱人、
2782,烂人、
2783,老母、
2784,老土、
2785,妈比、
2786,妈的、
2787,马的、
2788,妳老母的、
2789,妳娘的、
2790,你妈逼、
2791,破鞋、
2792,仆街、
2793,去她妈、
2794,去妳的、
2795,去妳妈、
2796,去你的、
2797,去你妈、
2798,去死、
2799,去他妈、
2800,日、
2801,日你、
2802,赛她娘、
2803,赛妳娘、
2804,赛你娘、
2805,赛他娘、
2806,骚货、
2807,傻B、
2808,傻比、
2809,傻子、
2810,上妳、
2811,上你、
2812,神经病、
2813,屎、
2814,屎妳娘、
2815,屎你娘、
2816,他妈的、
2817,王八蛋、
2818,我操、
2819,我日、
2820,乡巴佬、
2821,干、
2822,尿、
2823,掯、
2824,操、
2825,骑你、
2826,湿了、
2827,操他、
2828,操她、
2829,骑他、
2830,骑她、
2831,欠骑、
2832,欠人骑、
2833,来爽我、
2834,来插我、
2835,干他、
2836,干她、
2837,干死、
2838,干爆、
2839,干机、
2840,机叭、
2841,臭鸡、
2842,臭机、
2843,烂鸟、
2844,览叫、
2845,阳具、
2846,肉壶、
2847,奶子、
2848,摸咪咪、
2849,干鸡、
2850,干入、
2851,小穴、
2852,插你、
2853,爽你、
2854,干干、
2855,干X、
2856,他干、
2857,干它、
2858,干牠、
2859,干您、
2860,干汝、
2861,干林、
2862,操林、
2863,干尼、
2864,操尼、
2865,干勒、
2866,干我、
2867,干到、
2868,干啦、
2869,干爽、
2870,欠干、
2871,狗干、
2872,我干、
2873,来干、
2874,轮干、
2875,轮流干、
2876,干一干、
2877,援交、
2878,轮奸、
2879,奸暴、
2880,再奸、
2881,我奸、
2882,奸你、
2883,奸他、
2884,奸她、
2885,奸一奸、
2886,淫湿、
2887,鸡歪、
2888,臭西、
2889,遗精、
2890,烂逼、
2891,大血比、
2892,叼你妈、
2893,靠你妈、
2894,戳你、
2895,逼你老母、
2896,挨球、
2897,我日你、
2898,草拟妈、
2899,卖逼、
2900,狗操卖逼、
2901,日死、
2902,奶娘、
2903,他娘、
2904,她娘、
2905,骚B、
2906,你妈了妹、
2907,逼毛、
2908,插你妈、
2909,叼你、
2910,渣波波、
2911,嫩b、
2912,weelaa、
2913,缔顺、
2914,蒂顺、
2915,午夜、
2916,看下、
2917,草泥马、
2918,法克鱿、
2919,雅蠛蝶、
2920,潜烈蟹、
2921,菊花蚕、
2922,尾申鲸、
2923,吉跋猫、
2924,搞栗棒、
2925,吟稻雁、
2926,达菲鸡、
2927,ML、
2928,3P、
2929,群P、
2930,周恩來、
2931,碡 、
2932,籀、
2933,朱駿 、
2934,朱狨基、
2935,朱容基、
2936,朱溶剂、
2937,朱熔基、
2938,朱镕基、
2939,邾、
2940,猪操、
2941,猪聋畸、
2942,猪毛、
2943,猪毛1、
2944,舳、
2945,瘃、
2946,翥、
2947,專政、
2948,颛、
2949,丬、
2950,隹、
2951,窀、
2952,卓伯源、
2953,倬、
2954,诼、
2955,髭、
2956,鲻、
2957,子宫、
2958,秭、
2959,訾、
2960,自焚、
2961,自民党、
2962,自慰、
2963,自已的故事、
2964,自由民主论坛、
2965,总理、
2966,偬、
2967,诹、
2968,陬、
2969,鄹、
2970,鲰、
2971,躜、
2972,缵、
2973,作爱、
2974,作秀、
2975,阼、
2976,祚、
2977,阿扁萬歲、
2978,阿萊娜、
2979,啊無卵、
2980,埃裏克蘇特勤、
2981,埃斯萬、
2982,艾麗絲、
2983,愛滋、
2984,愛滋病、
2985,垵、
2986,暗黑法師、
2987,嶴、
2988,奧克拉、
2989,奧拉德、
2990,奧利弗、
2991,奧魯奇、
2992,奧倫、
2993,奧特蘭、
2994,㈧、
2995,巴倫侍從、
2996,巴倫坦、
2997,白立樸、
2998,白夢、
2999,白皮書、
3000,班禪、
3001,寶石商人、
3002,保釣、
3003,鮑戈、
3004,鮑彤、
3005,鮑伊、
3006,暴風亡靈、
3007,暴亂、
3008,暴躁的城塔野獸、
3009,暴躁的警衛兵靈魂、
3010,暴躁的馬杜克、
3011,北大三角地論壇、
3012,北韓、
3013,北京當局、
3014,北美自由論壇、
3015,貝尤爾、
3016,韝、
3017,逼樣、
3018,比樣、
3019,蹕、
3020,颮、
3021,鑣、
3022,賓周、
3023,冰後、
3024,博訊、
3025,不爽不要錢、
3026,布萊爾、
3027,布雷爾、
3028,蔡崇國、
3029,蔡啓芳、
3030,黲、
3031,操鶏、
3032,操那嗎B、
3033,操那嗎逼、
3034,操那嗎比、
3035,操你媽、
3036,操你爺爺、
3037,曹長青、
3038,曹剛川、
3039,草、
3040,草你媽、
3041,草擬媽、
3042,册那娘餓比、
3043,插那嗎B、
3044,插那嗎逼、
3045,插那嗎比、
3046,插你媽、
3047,插你爺爺、
3048,覘、
3049,蕆、
3050,囅、
3051,閶、
3052,長官沙塔特、
3053,常勁、
3054,朝鮮、
3055,車侖、
3056,車侖女幹、
3057,沉睡圖騰、
3058,陳炳基、
3059,陳博志、
3060,陳定南、
3061,陳建銘、
3062,陳景俊、
3063,陳菊、
3064,陳軍、
3065,陳良宇、
3066,陳蒙、
3067,陳破空、
3068,陳水扁、
3069,陳唐山、
3070,陳希同、
3071,陳小同、
3072,陳宣良、
3073,陳學聖、
3074,陳一諮、
3075,陳總統、
3076,諶、
3077,齔、
3078,櫬、
3079,讖、
3080,程凱、
3081,程鐵軍、
3082,鴟、
3083,痴鳩、
3084,痴拈、
3085,遲鈍的圖騰、
3086,持不同政見 
3087,赤色騎士、
3088,赤色戰士、
3089,處女膜、
3090,傳染性病、
3091,吹簫、
3092,春夏自由論壇、
3093,戳那嗎B、
3094,戳那嗎逼、
3095,戳那嗎比、
3096,輳、
3097,鹺、
3098,錯B、
3099,錯逼、
3100,錯比、
3101,錯那嗎B、
3102,錯那嗎逼、
3103,錯那嗎比、
3104,達夫警衛兵、
3105,達夫侍從、
3106,達癩、
3107,打飛機、
3108,大參考、
3109,大東亞共榮、
3110,大鶏巴、
3111,大紀元、
3112,大紀元新聞網、
3113,大紀園、
3114,大家論壇、
3115,大奶媽、
3116,大史記、
3117,大史紀、
3118,大衛教、
3119,大中國論壇、
3120,大中華論壇、
3121,大衆真人真事、
3122,紿、
3123,戴相龍、
3124,彈劾、
3125,氹、
3126,蕩婦、
3127,導師、
3128,盜竊犯、
3129,德維爾、
3130,登輝、
3131,鄧笑貧、
3132,糴、
3133,迪裏夏提、
3134,覿、
3135,地下教會、
3136,帝國主義、
3137,電視流氓、
3138,叼你媽、
3139,釣魚島、
3140,丁關根、
3141,東北獨立、
3142,東部地下水路、
3143,東方紅時空、
3144,東方時空、
3145,東南西北論談、
3146,東社、
3147,東升、
3148,東條、
3149,東條英機、
3150,東突暴動、
3151,東突獨立、
3152,東土耳其斯坦、
3153,東西南北論壇、
3154,東亞、
3155,東院看守、
3156,動亂、
3157,鬥士哈夫拉蘇、
3158,鬥士霍克、
3159,獨裁、
3160,獨裁政治、
3161,獨夫、
3162,獨立臺灣會、
3163,俄國 、
3164,鮞、
3165,㈡、
3166,發楞、
3167,發掄、
3168,發掄功、
3169,發倫、
3170,發倫功、
3171,發輪、
3172,發論、
3173,發論公、
3174,發論功、
3175,發騷、
3176,發正念、
3177,法~倫、
3178,法~淪、
3179,法~綸、
3180,法~輪、
3181,法~論、
3182,法爾卡、
3183,法掄、
3184,法掄功、
3185,法侖、
3186,法淪、
3187,法綸、
3188,法輪大法、
3189,法輪功、
3190,法十輪十功、
3191,法謫、
3192,法謫功、
3193,反封鎖、
3194,反封鎖技術、
3195,反腐敗論壇、
3196,反人類、
3197,反社會、
3198,方勵之、
3199,防衛指揮官、
3200,放蕩、
3201,飛揚論壇、
3202,廢墟守護者、
3203,費鴻泰、
3204,費良勇、
3205,分隊長施蒂文、
3206,粉飾太平、
3207,糞便、
3208,鱝、
3209,豐饒的果實、
3210,風雨神州、
3211,風雨神州論壇、
3212,封從德、
3213,封殺、
3214,封印的靈魂騎士、
3215,馮東海、
3216,馮素英、
3217,紱、
3218,襆、
3219,嘸 、
3220,傅作義、
3221,幹bi、
3222,幹逼、
3223,幹比、
3224,幹的你、
3225,幹幹幹、
3226,幹她、
3227,幹你、
3228,幹你老比、
3229,幹你老母、
3230,幹你娘、
3231,幹全家、
3232,幹死、
3233,幹死你、
3234,幹他、
3235,幹一家、
3236,趕你娘、
3237,岡巒、
3238,剛比、
3239,剛比樣子、
3240,崗哨士兵、
3241,肛門、
3242,高麗棒子、
3243,高文謙、
3244,高薪養廉、
3245,高自聯、
3246,膏藥旗、
3247,戈揚、
3248,鴿派、
3249,歌功頌德、
3250,格雷(關卡排名管理者)、
3251,格魯、
3252,格魯(城鎮移動)、
3253,鯁、
3254,工自聯、
3255,弓雖、
3256,共産、
3257,共産黨、
3258,共黨、
3259,共軍、
3260,共榮圈、
3261,緱、
3262,狗誠、
3263,狗狼養的、
3264,狗娘養的、
3265,狗養、
3266,狗雜種、
3267,覯、轂、
3268,古龍祭壇、
3269,骨獅、
3270,鯝、
3271,鴰、
3272,詿、
3273,關卓中、
3274,貫通兩極法、
3275,廣聞、
3276,嬀、
3277,龜兒子、
3278,龜公、
3279,龜孫子、
3280,龜頭、
3281,龜投、
3282,劌、
3283,緄、
3284,滾那嗎、
3285,滾那嗎B、
3286,滾那嗎瘟比、
3287,鯀、
3288,咼、
3289,郭俊銘、
3290,郭羅基、
3291,郭岩華、
3292,國家安全、
3293,國家機密、
3294,國軍、
3295,哈爾羅尼、
3296,頇、
3297,韓東方、
3298,韓聯潮、
3299,韓正、
3300,漢奸、
3301,顥、
3302,灝、
3303,河殤、
3304,賀國强、
3305,賀龍、
3306,黑社會、
3307,黑手黨、
3308,紅燈區、
3309,紅色恐怖、
3310,紅炎猛獸、
3311,洪傳、
3312,洪興、
3313,洪哲勝、
3314,黌、
3315,鱟、
3316,胡緊掏、
3317,胡錦滔、
3318,胡錦淘、
3319,胡景濤、
3320,胡喬木、
3321,胡總書記、
3322,湖岸護衛兵、
3323,湖岸警衛兵、
3324,湖岸哨兵隊長、
3325,護法、
3326,鸌、
3327,華建敏、
3328,華通時事論壇、
3329,華夏文摘、
3330,華語世界論壇、
3331,華岳時事論壇、
3332,懷特、
3333,鍰、
3334,皇軍、
3335,黃伯源、
3336,黃慈萍、
3337,黃禍、
3338,黃劍輝、
3339,黃金幼龍、
3340,黃菊、
3341,黃片、
3342,黃翔、
3343,黃義交、
3344,黃仲生、
3345,回民暴動、
3346,噦、
3347,毀滅步兵、
3348,毀滅騎士、
3349,毀滅射手、
3350,昏迷圖騰、
3351,鍃、
3352,活動 、
3353,擊倒圖騰、
3354,擊傷的圖騰、
3355,鶏8、
3356,鶏八、
3357,鶏巴、
3358,鶏吧、
3359,鶏鶏、
3360,鶏奸、
3361,鶏毛信文匯、
3362,鶏女、
3363,鶏院、
3364,積克館、
3365,賫、
3366,鱭、
3367,賈廷安、
3368,賈育台、
3369,戔、
3370,監視塔、
3371,監視塔哨兵、
3372,監視塔哨兵隊長、
3373,鰹、
3374,韉、
3375,簡肇棟、
3376,建國黨、
3377,賤B、
3378,賤bi、
3379,賤逼、
3380,賤比、
3381,賤貨、
3382,賤人、
3383,賤種、
3384,江八點、
3385,江羅、
3386,江綿恒、
3387,江戲子、
3388,江則民、
3389,江澤慧、
3390,江賊、
3391,江賊民、
3392,薑春雲、
3393,將則民、
3394,僵賊、
3395,僵賊民、
3396,講法、
3397,蔣介石、
3398,蔣中正、
3399,降低命中的圖騰、
3400,醬猪媳、
3401,撟、
3402,狡猾的達夫、
3403,嶠、
3404,教養院、
3405,癤、
3406,揭批書、
3407,訐、
3408,她媽、
3409,届中央政治局委員、
3410,金堯如、
3411,金澤辰、
3412,巹、
3413,錦濤、
3414,經文、
3415,經血、
3416,莖候佳陰、
3417,靖國神社、
3418,㈨、
3419,舊斗篷哨兵、
3420,齟、
3421,巨槌騎兵、
3422,巨鐵角哈克、
3423,鋸齒通道被遺弃的骷髏、
3424,鋸齒通道骷髏、
3425,屨、
3426,棬、
3427,絕望之地、
3428,譎、
3429,軍妓、
3430,開苞、
3431,開放雜志、
3432,凱奧勒尼什、
3433,凱爾本、
3434,凱爾雷斯、
3435,凱特切爾、
3436,砍翻一條街、
3437,看中國、
3438,闞、
3439,靠你媽、
3440,柯賜海、
3441,柯建銘、
3442,科萊爾、
3443,克萊恩、
3444,克萊特、
3445,克勞森、
3446,客戶服務、
3447,緙、
3448,空氣精靈、
3449,空虛的伊坤、
3450,空虛之地、
3451,瞘、
3452,嚳、
3453,鄺錦文、
3454,貺、
3455,昆圖、
3456,拉姆斯菲爾德、
3457,拉皮條、
3458,萊特、
3459,賴士葆、
3460,蘭迪、
3461,爛B、
3462,爛逼、
3463,爛比、
3464,爛袋、
3465,爛貨、
3466,濫B、
3467,濫逼、
3468,濫比、
3469,濫貨、
3470,濫交、
3471,勞動教養所、
3472,勞改、
3473,勞教、
3474,鰳、
3475,雷尼亞、
3476,誄、
3477,李紅痔、
3478,李洪寬、
3479,李繼耐、
3480,李蘭菊、
3481,李老師、
3482,李錄、
3483,李祿、
3484,李慶安、
3485,李慶華、
3486,李淑嫻、
3487,李鐵映、
3488,李旺陽、
3489,李小鵬、
3490,李月月鳥、
3491,李志綏、
3492,李總理、
3493,李總統、
3494,裏菲斯、
3495,鱧、
3496,轢、
3497,躒、
3498,奩、
3499,連方瑀、
3500,連惠心、
3501,連勝德、
3502,連勝文、
3503,連戰、
3504,聯總、
3505,廉政大論壇、
3506,煉功、
3507,兩岸關係、
3508,兩岸三地論壇、
3509,兩個中國、
3510,兩會、
3511,兩會報道、
3512,兩會新聞、
3513,林保華、
3514,林長盛、
3515,林佳龍、
3516,林信義、
3517,林正勝、
3518,林重謨、
3519,躪、
3520,淩鋒、
3521,劉賓雁、
3522,劉剛、
3523,劉國凱、
3524,劉華清、
3525,劉俊國、
3526,劉凱中、
3527,劉千石、
3528,劉青、
3529,劉山青、
3530,劉士賢、
3531,劉文勝、
3532,劉文雄、
3533,劉曉波、
3534,劉曉竹、
3535,劉永川、
3536,㈥、
3537,鷚、
3538,龍虎豹、
3539,龍火之心、
3540,盧卡、
3541,盧西德、
3542,陸委會、
3543,輅、
3544,呂京花、
3545,呂秀蓮、
3546,亂交、
3547,亂倫、
3548,亂輪、
3549,鋝、
3550,掄功、
3551,倫功、
3552,輪大、
3553,輪功、
3554,輪奸、
3555,論壇管理員、
3556,羅福助、
3557,羅幹、
3558,羅禮詩、
3559,羅文嘉、
3560,羅志明、
3561,腡、
3562,濼、
3563,洛克菲爾特、
3564,媽B、
3565,媽比、
3566,媽的、
3567,媽批、
3568,馬大維、
3569,馬克思、
3570,馬良駿、
3571,馬三家、
3572,馬時敏、
3573,馬特斯、
3574,馬英九、
3575,馬永成、
3576,瑪麗亞、
3577,瑪雅、
3578,嗎的、
3579,嗎啡、
3580,勱、
3581,賣逼、
3582,賣比、
3583,賣國、
3584,賣騷、
3585,賣淫、
3586,瞞報、
3587,毛厠洞、
3588,毛賊、
3589,毛賊東、
3590,美國、
3591,美國參考、
3592,美國佬、
3593,美國之音、
3594,蒙獨、
3595,蒙古達子、
3596,蒙古獨、
3597,蒙古獨立、
3598,禰、
3599,羋、
3600,綿恒、
3601,黽、
3602,民國、
3603,民進黨、
3604,民聯、
3605,民意論壇、
3606,民陣、
3607,民主墻、
3608,緡、
3609,湣、
3610,鰵、
3611,莫偉强、
3612,木子論壇、
3613,內褲、
3614,內衣、
3615,那嗎B、
3616,那嗎逼、
3617,那嗎錯比、
3618,那嗎老比、
3619,那嗎瘟比、
3620,那娘錯比、
3621,納粹、
3622,奶頭、
3623,南大自由論壇、
3624,南蠻子、
3625,鬧事、
3626,能樣、
3627,尼奧夫、
3628,倪育賢、
3629,鯢、
3630,你媽、
3631,你媽逼、
3632,你媽比、
3633,你媽的、
3634,你媽了妹、
3635,你說我說論壇、
3636,娘餓比、
3637,捏你鶏巴、
3638,儂著岡巒、
3639,儂著卵拋、
3640,奴隸魔族士兵、
3641,女幹、
3642,儺、
3643,諾姆、
3644,潘國平、
3645,龐建國、
3646,泡沫經濟、
3647,轡、
3648,噴你、
3649,皮條客、
3650,羆、
3651,諞、
3652,齊墨、
3653,齊諾、
3654,騎你、
3655,磧、
3656,僉、
3657,鈐、
3658,錢達、
3659,錢國梁、
3660,錢其琛、
3661,膁、
3662,槧、
3663,錆、
3664,繰、
3665,喬石、
3666,喬伊、
3667,橋侵襲兵、
3668,譙、
3669,鞽、
3670,篋、
3671,親美、
3672,親民黨、
3673,親日、
3674,欽本立、
3675,禽獸、
3676,唚、
3677,輕舟快訊、
3678,情婦、
3679,情獸、
3680,檾、
3681,慶紅、
3682,丘垂貞、
3683,詘、
3684,闃、
3685,全國兩會、
3686,全國人大、
3687,犬、
3688,綣、
3689,瘸腿幫、
3690,愨、
3691,讓你操、
3692,熱比婭、
3693,熱站政論網、
3694,人民報、
3695,人民大會堂、
3696,人民內情真相、
3697,人民真實、
3698,人民之聲論壇、
3699,人權、
3700,日軍、
3701,日內瓦金融、
3702,日你媽、
3703,日你爺爺、
3704,日朱駿、
3705,顬、
3706,乳頭、
3707,乳暈、
3708,瑞士金融大學、
3709,薩達姆、
3710,三K黨、
3711,三個代表、
3712,三級片、
3713,毿、
3714,騷B、
3715,騷棒、
3716,騷包、
3717,騷逼、
3718,騷棍、
3719,騷貨、
3720,騷鶏、
3721,騷卵 、
3722,殺你全家、
3723,殺你一家、
3724,殺人犯、
3725,傻鳥、
3726,煞筆、
3727,山口組、
3728,善惡有報、
3729,上訪、
3730,上海幫、
3731,上海孤兒院、
3732,厙、
3733,社會主義、
3734,射了還說要、
3735,灄、
3736,詵、
3737,神經病、
3738,諗、
3739,生孩子沒屁眼、
3740,生命分流的圖騰、
3741,澠、
3742,聖射手、
3743,聖戰、
3744,盛華仁、
3745,濕了還說不要、
3746,濕了還說要、
3747,釃、
3748,鯴、
3749,㈩、
3750,石化圖騰、
3751,石拳戰鬥兵、
3752,時代論壇、
3753,時事論壇、
3754,鰣、
3755,史萊姆、
3756,史萊姆王、
3757,士兵管理員瓦爾臣、
3758,世界經濟導報、
3759,事實獨立、
3760,侍從貝赫爾特、
3761,侍從倫斯韋、
3762,貰、
3763,攄、
3764,數據中國、
3765,雙十節、
3766,氵去車侖工力、
3767,氵去車侖工力?、
3768,稅力、司馬晋、
3769,司馬璐、
3770,司徒華、
3771,私?服、
3772,私處、
3773,思科羅、
3774,斯諾、
3775,斯皮爾德、
3776,四川獨、
3777,四川獨立、
3778,四人幫、
3779,㈣、
3780,宋書元、
3781,藪、
3782,蘇菲爾、
3783,蘇拉、
3784,蘇南成、
3785,蘇紹智、
3786,蘇特勒守護兵、
3787,蘇特勤、
3788,蘇特勤護衛兵、
3789,蘇曉康、
3790,蘇盈貴、
3791,蘇貞昌、
3792,誶、
3793,碎片製造商人馬克、
3794,碎片製造商人蘇克、
3795,孫大千、
3796,孫中山、
3797,他媽、
3798,他媽的、
3799,他嗎的、
3800,他母親、
3801,塔內、
3802,塔烏、
3803,鰨、
3804,闥、
3805,臺盟、
3806,臺灣帝國、
3807,臺灣獨立、
3808,臺灣獨、
3809,臺灣共産黨、
3810,臺灣狗、
3811,臺灣建國運動組織、
3812,臺灣民國、
3813,臺灣青年獨立聯盟、
3814,臺灣政論區、
3815,臺灣自由聯盟、
3816,鮐、
3817,太監、
3818,泰奴橋警衛兵、
3819,泰奴橋掠奪者、
3820,湯光中、
3821,唐柏橋、
3822,鞀、
3823,謄、
3824,天安門、
3825,天安門錄影帶、
3826,天安門事件、
3827,天安門屠殺、
3828,天安門一代、
3829,天閹、
3830,田紀雲、
3831,銚、
3832,庭院警衛兵、
3833,統獨、
3834,統獨論壇、
3835,統戰、
3836,頭領奧馬、
3837,頭領墳墓管理員、
3838,圖書管理員卡特、
3839,屠殺、
3840,團長戈登、
3841,團員馬爾汀、
3842,摶、
3843,鼉、
3844,籜、
3845,膃、
3846,外交論壇、
3847,外交與方略、
3848,晚年周恩來、
3849,綰、
3850,萬里、
3851,萬潤南、
3852,萬維讀者論壇、
3853,萬曉東、
3854,王寶森、
3855,王超華、
3856,王輔臣、王剛、
3857,王涵萬、
3858,王滬寧、
3859,王軍濤、
3860,王樂泉、
3861,王潤生、
3862,王世堅、
3863,王世勛、
3864,王秀麗、
3865,王兆國、
3866,網禪、
3867,網特、
3868,猥褻、
3869,鮪、
3870,溫B、
3871,溫逼、
3872,溫比、
3873,溫家寶、
3874,溫元凱、
3875,閿、
3876,無界瀏覽器、
3877,吳百益、
3878,吳敦義、
3879,吳方城、
3880,吳弘達、
3881,吳宏達、
3882,吳仁華、
3883,吳淑珍、
3884,吳學燦、
3885,吳學璨、
3886,吳育升、
3887,吳志芳、
3888,西藏獨、
3889,吸收的圖騰、
3890,吸血獸、
3891,覡、
3892,洗腦、
3893,系統、
3894,系統公告、
3895,郤、
3896,下賤、
3897,下體、
3898,薟、
3899,躚、
3900,鮮族、
3901,獫、
3902,蜆、
3903,峴、
3904,現金、
3905,現金交易、
3906,獻祭的圖騰、
3907,鯗、
3908,項懷誠、
3909,項小吉、
3910,嘵、
3911,小B樣、
3912,小比樣、
3913,小參考、
3914,小鶏鶏、
3915,小靈通、
3916,小泉純一郎、
3917,謝長廷、
3918,謝深山、
3919,謝選駿、
3920,謝中之、
3921,辛灝年、
3922,新觀察論壇、
3923,新華舉報、
3924,新華內情、
3925,新華通論壇、
3926,新疆獨、
3927,新生網、
3928,新手訓練營、
3929,新聞出版總署、
3930,新聞封鎖、
3931,新義安、
3932,新語絲、
3933,信用危機、
3934,邢錚、
3935,性愛、
3936,性無能、
3937,修煉、
3938,頊、
3939,虛弱圖騰、
3940,虛無的飽食者、
3941,徐國舅、
3942,許財利、
3943,許家屯、
3944,薛偉、
3945,學潮、
3946,學聯、
3947,學運、
3948,學自聯、
3949,澩、
3950,閹狗、
3951,訁、
3952,嚴家其、
3953,嚴家祺、
3954,閻明複、
3955,顔清標、
3956,顔慶章、
3957,顔射、
3958,讞、
3959,央視內部晚會、
3960,陽具、
3961,陽痿、
3962,陽物、
3963,楊懷安、
3964,楊建利、
3965,楊巍、
3966,楊月清、
3967,楊周、
3968,姚羅、
3969,姚月謙、
3970,軺、
3971,搖頭丸、
3972,藥水、
3973,耶穌、
3974,野鶏、
3975,葉菊蘭、
3976,夜話紫禁城、
3977,一陀糞、
3978,㈠、
3979,伊莎貝爾、
3980,伊斯蘭、
3981,伊斯蘭亞格林尼斯、
3982,遺精、
3983,議長阿茵斯塔、
3984,議員斯格文德、
3985,异見人士、
3986,异議人士、
3987,意志不堅的圖騰、
3988,瘞、
3989,陰部、
3990,陰唇、
3991,陰道、
3992,陰蒂、
3993,陰戶、
3994,陰莖、
3995,陰精、
3996,陰毛、
3997,陰門、
3998,陰囊、
3999,陰水、
4000,淫蕩、
4001,淫穢、
4002,淫貨、
4003,淫賤、
4004,尹慶民、
4005,引導、
4006,隱者之路、
4007,鷹眼派氏族、
4008,硬直圖騰、
4009,憂鬱的艾拉、
4010,尤比亞、
4011,由喜貴、
4012,游蕩的僵尸、
4013,游蕩的士兵、
4014,游蕩爪牙、
4015,游錫坤、
4016,游戲管理員、
4017,友好的魯德、
4018,幼齒、
4019,幼龍、
4020,于幼軍、
4021,漁夫菲斯曼、
4022,輿論、
4023,輿論反制、
4024,傴、
4025,宇明網、
4026,齬、
4027,飫、
4028,鵒、
4029,元老蘭提(沃德）、
4030,圓滿、
4031,緣圈圈、
4032,遠志明、
4033,月經、
4034,韞、
4035,雜種、
4036,鏨、
4037,造愛、
4038,則民、
4039,擇民、
4040,澤夫、
4041,澤民、
4042,賾、
4043,賊民、
4044,譖、
4045,扎卡維是英雄、
4046,驏、
4047,張伯笠、
4048,張博雅、
4049,張鋼、
4050,張健、
4051,張林、
4052,張清芳、
4053,張偉國、
4054,張溫鷹、
4055,張昭富、
4056,張志清、
4057,章孝嚴、
4058,帳號、
4059,賬號、
4060,招鶏、
4061,趙建銘、
4062,趙南、
4063,趙品潞、
4064,趙曉微、
4065,趙紫陽、
4066,貞操、
4067,鎮壓、
4068,爭鳴論壇、
4069,正見網、
4070,正義黨論壇、
4071,㊣、
4072,鄭寶清、
4073,鄭義、
4074,鄭餘鎮、
4075,鄭源、
4076,鄭運鵬、
4077,政權、
4078,政治反對派、
4079,縶、
4080,躑、
4081,指點江山論壇、
4082,騭、
4083,觶、
4084,躓、
4085,中毒的圖騰、
4086,中毒圖騰、
4087,中俄邊界、
4088,中國復興論壇、
4089,中國共産黨、
4090,中國孤兒院、
4091,中國和平、
4092,中國論壇、
4093,中國社會進步黨、
4094,中國社會論壇、
4095,中國威脅論、
4096,中國問題論壇、
4097,中國移動通信、
4098,中國真實內容、
4099,中國之春、
4100,中國猪、
4101,中華大地、
4102,中華大衆、
4103,中華講清、
4104,中華民國、
4105,中華人民實話實說、
4106,中華人民正邪、
4107,中華時事、
4108,中華養生益智功、
4109,中華真實報道、
4110,中央電視臺、
4111,周鋒鎖、
4112,周守訓 
4113,朱鳳芝、
4114,朱立倫、
4115,朱溶劑、
4116,㈱、
4117,猪聾畸、
4118,主攻指揮官、
4119,主義、
4120,助手威爾特、
4121,專制、
4122,顓、
4123,轉化、
4124,諑、
4125,資本主義、
4126,鯔、
4127,子宮、
4128,自民黨、
4129,自由民主論壇、
4130,總理、
4131,鯫 、
4132,躦、
4133,作愛、
4134,做愛胡总书记
4135,大纪元、
4136,燕玲论坛、
4137,删 号
4138,*李*洪*志*
4139,保监会,
4140,保密局,
4141,鸨,
4142,鲍岳桥,
4143,暴动,
4144,暴乱,
4145,暴徒,
4146,北京之春,
4147,贝肉,
4148,本?拉登,
4149,苯比,
4150,笨屄,
4151,笨逼,
4152,屄,
4153,屄毛,
4154,逼毛,
4155,逼你老母,
4156,逼样,
4157,比毛,
4158,婊,
4159,婊子,
4160,宾周,
4161,冰毒,
4162,波霸,
4163,布莱尔,
4164,布什,
4165,财政部,
4166,参事室,
4167,藏独,
4168,操,
4169,操GM,
4170,操XX,
4171,操逼,
4172,操比,
4173,操蛋,
4174,操你,
4175,交媾，
4176,西藏314事件，
4177,小姐兼职，
4178,茉莉花革命，
4179,操你八辈祖宗,
4180,操你妈,
4181,操你妈屄,
4182,曹刚川,
4183,草的你妈,
4184,草妈,
4185,草你妈,
4186,草拟妈,
4187,肏,
4188,测绘局,
4189,插GM,
4190,插妳,
4191,插你,
4192,插你妈,
4193,插深些,
4194,产权局,
4195,朝鲜,
4196,车臣,
4197,车仑,
4198,陈功,
4199,陈良宇,
4200,陈水扁,
4201,陈希同,
4202,陈晓宁,
4203,陈毅,
4204,陈至立,
4205,,成人片,
4206,吃大便,
4207,吃屎,
4208,迟浩田,
4209,赤匪,
4210,抽插,
4211,抽你丫的,
4212,臭化西,
4213,出售假币,
4214,出售枪支,
4215,出售手枪,
4216,吹喇叭,
4217,吹箫,
4218,春药,
4219,蠢猪,
4220,戳你,
4221,粗制吗啡,
4222,催情药,
4223,达赖,
4224,达赖喇嘛,
4225,打炮,,
4226,大B,
4227,大逼,
4228,大便,
4229,大波波,
4230,大麻,
4231,,大麻油,
4232,大师,
4233,戴维教,
4234,大学骚乱,
4235,大血B,
4236,大血比,
4237,呆卵,
4238,戴海静,
4239,戴红,
4240,戴晶,
4241,党主席,
4242,荡妇,
4243,档案局,
4244,盗窃犯,
4245,道教,
4246,邓小平,
4247,帝国主义,
4248,电监会,
4249,叼你,
4250,叼你妈,
4251,屌,
4252,屌7,
4253,屌鸠,
4254,屌毛,
4255,屌妳,
4256,屌七,
4257,屌西,
4258,钓鱼台,
4259,丁关根,
4260,丁子霖,
4261,东北独立,
4262,东升,
4263,东条英机,
4264,东突,
4265,东突暴动和独立,
4266,东突组织,
4267,东亚病夫,
4268,董建华,
4269,董贱华,
4270,董文华,
4271,懂文华,
4272,独立,
4273,独立台湾会,
4274,,二B,
4275,二屄,
4276,二逼,
4277,二乙基酰胺发抡,
4278,发抡功,
4279,发伦,
4280,发伦功,
4281,发轮,
4282,发论,
4283,发论公,
4284,发论功,
4285,发骚,
4286,法(轮)功,
4287,法*轮*功,
4288,法功,
4289,法愣,
4290,法仑,
4291,法轮,
4292,法轮大法,
4293,法轮功,
4294,,法制办,
4295,反动,
4296,反革命,
4297,发票，
4298,冰粉，
4299,性奴，
4300,反共,
4301,反华,
4302,反恐委员会,
4303,反日,
4304,反政府,
4305,分裂祖国,
4306,佛教,
4307,佛展千手法,
4308,佛祖,
4309,斧头镰刀,
4310,阝月,
4311,傅鹏,
4312,傅作义,
4313,干GM,
4314,干拎娘,
4315,干妳,
4316,干妳老母,
4317,干妳妈,
4318,干妳娘,
4319,干你,
4320,干你妈,
4321,干你妈b,
4322,干你妈逼,
4323,干你娘,
4324,干七八,
4325,干死你,
4326,肛,
4327,肛交,
4328,肛门,
4329,港澳办,
4330,高俊,
4331,高丽棒子,
4332,高校暴乱,
4333,高校群体事件,
4334,高校骚乱,
4335,睾,
4336,睾丸,
4337,膏药旗,
4338,弓虽女干,
4339,公安,
4340,公安部,
4341,公安局,
4342,共产党,
4343,共产主义,
4344,共匪,
4345,共狗,
4346,狗b,
4347,狗操,
4348,狗卵,
4349,狗娘,
4350,狗屁,
4351,狗日,
4352,狗日的,
4353,狗屎,
4354,观世音,
4355,官逼民反,
4356,官商勾结,
4357,龟儿子,
4358,龟公,
4359,龟孙子,
4360,龟头,
4361,鬼村,
4362,滚,
4363,郭伯雄,
4364,国安局,
4365,国防部,
4366,国防科工委,
4367,国管局,
4368,国际法院,
4369,国家民委,
4370,国家主席,
4371,国家主要部委,
4372,国民党,
4373,国民党万岁,
4374,海洛因,
4375,海洋局,
4376,何候华,
4377,贺国强,
4378,贺龙,
4379,黑社会,
4380,黑手党,
4381,,红卫兵,
4382,洪兴,
4383,洪志,
4384,后庭,
4385,胡XX,
4386,胡紧涛,
4387,胡紧掏,
4388,胡紧套,
4389,胡锦涛,
4390,胡锦淘,
4391,胡乔木,
4392,胡耀邦,
4393,胡主席,
4394,花柳,
4395,华国锋,
4396,华建敏,
4397,换妻,
4398,黄　菊,
4399,黄菊,
4400,黄色电影,
4401,黄色小电影,
4402,回教,
4403,回良玉,
4404,回民暴动,
4405,回族人吃猪肉,
4406,昏药,
4407,火棒,
4408,机八,
4409,机巴,
4410,鸡八,
4411,鸡巴,
4412,鸡叭,
4413,鸡芭,
4414,鸡掰,
4415,鸡奸,
4416,基地组织,
4417,基督,
4418,基督教,
4419,激情电影,
4420,激情小电影,
4421,鸡,
4422,计牌软件,
4423,,妓,
4424,妓女,
4425,,贾庆林,
4426,奸,
4427,奸夫淫妇,
4428,奸你,
4429,奸淫,
4430,贱,
4431,贱逼,
4432,贱货,
4433,贱人,
4434,江Core,
4435,江八,
4436,江八点,
4437,江独裁,
4438,江核心,
4439,江青,
4440,,江择民,
4441,江泽民,
4442,江贼民,
4443,江折民,
4444,江猪,
4445,江猪媳,
4446,江主席,
4447,僵贼民,
4448,疆独,
4449,蒋介石,
4450,蒋经国,
4451,蒋中正,
4452,酱猪媳,
4453,交通部,
4454,姣西,
4455,叫床,
4456,叫鸡,
4457,叫小姐,
4458,教育部,
4459,她妈的金日成,
4460,金正日,
4461,禁书,
4462,经济社会理事会,
4463,经社理事会,
4464,精液,
4465,精子,
4466,警匪一家,
4467,敬国神社,
4468,靖国神社,
4469,静坐,
4470,纠察员,
4471,鸠,
4472,鸠屎,
4473,军长发威,
4474,军国主义,
4475,军妓,
4476,尻,
4477,靠,
4478,靠你妈,
4479,靠腰,
4480,可待因,
4481,可卡叶,
4482,可卡因,
4483,克林顿,
4484,恐怖份子,
4485,恐怖主义,
4486,口交,
4487,寇晓伟,
4488,狂操,
4489,狂操你全家,
4490,拉登,
4491,拉姆斯菲尔德,
4492,,烂B,
4493,烂屄,
4494,烂逼,
4495,烂比,
4496,烂屌,
4497,烂货,
4498,劳+教+所,
4499,劳动保障部,
4500,老逼,
4501,老毛子,
4502,老母,
4503,黎阳评,
4504,李长春,
4505,李登辉,
4506,李弘旨,
4507,李红志,
4508,李宏旨,
4509,李宏志,
4510,李洪志,
4511,李岚清,
4512,李鹏,
4513,李鹏*,
4514,李瑞环,
4515,李山,
4516,李铁映,
4517,李先念,
4518,连战,
4519,联大,
4520,联合国,
4521,联合国大会,
4522,联易,
4523,联易互动,
4524,粮食局,
4525,两腿之间,
4526,列宁,
4527,林彪,
4528,林业局,
4529,刘　淇,
4530,刘军,
4531,刘淇,
4532,刘少奇,
4533,刘云山,
4534,流氓,
4535,六.四,
4536,六。四,
4537,六?四,
4538,,六四,
4539,六-四,
4540,六四事件,
4541,六四真相,
4542,龙新民,
4543,吕秀莲,
4544,旅游局,
4545,卵,
4546,轮功,
4547,轮奸,
4548,罗　干,
4549,罗干,
4550,骡干,
4551,妈逼,
4552,妈比,
4553,妈卖妈屁,
4554,妈批,
4555,妈祖,
4556,妈B,
4557,妈的,
4558,麻醉钢枪,
4559,麻醉枪,
4560,麻醉药,
4561,麻醉乙醚,
4562,马克思,
4563,马卖马屁,
4564,马英九,
4565,吗啡碱,
4566,吗啡片,
4567,买财富,
4568,买卖枪支,
4569,麦角酸,
4570,卖.国,
4571,卖B,
4572,卖QQ,
4573,卖逼,
4574,卖比,
4575,卖财富,
4576,卖党求荣,
4577,卖国,
4578,卖国求荣,
4579,卖号,
4580,卖卡,
4581,卖软件,
4582,卖淫,
4583,毛XX,
4584,毛厕洞,
4585,毛一鲜,
4586,毛泽东,
4587,毛贼东,
4588,毛主席,
4589,梅花网,
4590,美国,
4591,美国佬,
4592,美国之音,
4593,美利坚,
4594,蒙尘药,
4595,蒙独,
4596,蒙古达子,
4597,蒙古独立,
4598,迷魂药,
4599,迷奸药,
4600,迷歼药,
4601,迷药,
4602,密洞,
4603,民航局,
4604,民进党,
4605,民运,
4606,民政部,
4607,明慧网,
4608,摩门教,
4609,莫索里尼,
4610,穆罕默德,
4611,穆斯林,
4612,乳头,
4613,奶子,
4614,妳老母的,
4615,妳妈的,
4616,妳马的,
4617,妳娘的,
4618,南联盟,
4619,南蛮子,
4620,嫩B,
4621,伱妈,
4622,你爸,
4623,你大爷,
4624,你二大爷,
4625,你老母,
4626,你老味,
4627,你姥,
4628,你姥姥的,
4629,你妈,
4630,你妈逼,
4631,你妈的,
4632,你娘,
4633,你爷爷的,
4634,鸟GM,
4635,鸟你,
4636,牛逼,
4637,牛比,
4638,农业部,
4639,虐待,
4640,拍肩神药,
4641,喷你,
4642,彭真,
4643,皮条,
4644,屁眼,
4645,嫖客,
4646,苹果日报,
4647,破坏,
4648,破鞋,
4649,仆街,
4650,普京,
4651,气象局,
4652,钱其琛,
4653,枪决女犯,
4654,枪决现场,
4655,枪支弹药,
4656,强奸,
4657,强奸犯,
4658,强卫,
4659,,强硬发言,
4660,抢劫,
4661,乔石,
4662,侨办,
4663,切七,
4664,窃听器,
4665,窃听器材,
4666,亲民党,
4667,青天白日,
4668,情色,
4669,去你妈的,
4670,去死,
4671,全国人大,
4672,瘸腿帮,
4673,人大,
4674,人大代表,
4675,人代会,
4676,人弹,
4677,人民,
4678,人民大会堂,
4679,人民广场,
4680,人民日报,
4681,人民银行,
4682,人体炸弹,
4683,日GM,
4684,日X妈,
4685,日本RING,
4686,日本鬼子,
4687,日你,
4688,日你妈,
4689,日你娘,
4690,日他娘,
4691,肉棒,
4692,,肉洞,
4693,肉缝,
4694,肉棍,
4695,肉棍子,
4696,肉穴,
4697,乳,
4698,乳波臀浪,
4699,乳房,
4700,乳交,
4701,撒尿,
4702,萨达姆,
4703,塞白,
4704,塞你爸,
4705,塞你公,
4706,塞你老母,
4707,塞你老师,
4708,塞你母,
4709,塞你娘,
4710,三个呆婊,
4711,三个代婊,
4712,三级片,
4713,三民主义,
4714,三陪,
4715,三陪女,
4716,三去车仑,
4717,三唑仑,
4718,骚,
4719,骚B,
4720,骚货,
4721,色情,
4722,色情电影,
4723,色情服务,
4724,色情小电影,
4725,,傻B,
4726,傻屄,
4727,傻逼,
4728,傻比,
4729,傻吊,
4730,傻卵,
4731,傻子,
4732,煞逼,
4733,商务部,
4734,上妳,
4735,上你,
4736,社科院,
4737,射精,
4738,身份生成器,
4739,神经病,
4740,神通加持法,
4741,生鸦片,
4742,圣女峰,
4743,十八摸,
4744,十年动乱石进,
4745,食捻屎,
4746,食屎,
4747,驶你爸,
4748,驶你公,
4749,驶你老母,
4750,驶你老师,
4751,驶你母,
4752,驶你娘,
4753,是鸡,
4754,手淫,
4755,受虐狂,
4756,售ID,
4757,售号,
4758,售软件,
4759,双峰微颤,
4760,氵去,
4761,水利部,
4762,水去车仑,
4763,税务总局,
4764,司法部,
4765,私服,
4766,私/服,
4767,私\\服,
4768,私-服,
4769,私—服,
4770,斯大林,
4771,死gd,
4772,死gm,
4773,死全家,
4774,四川独立,
4775,四人帮,
4776,宋楚瑜,
4777,宋祖英,
4778,孙文,
4779,孙逸仙,
4780,孙中山,
4781,他爹,
4782,他妈的,
4783,他马的,
4784,他母亲,
4785,他祖宗,
4786,台办,
4787,台独,
4788,台联,
4789,台湾党,
4790,台湾帝国,
4791,台湾独立,
4792,台湾共产党,
4793,台湾共和国,
4794,台湾狗,
4795,台湾国,
4796,台湾民国,
4797,太监,
4798,太子党,
4799,唐家璇,
4800,天皇陛下,
4801,田纪云,
4802,舔西,
4803,投毒杀人,
4804,透视软件,
4805,推油,
4806,外　挂,
4807,外挂,
4808,外/挂,
4809,外\\挂,
4810,外_挂,
4811,外-挂,
4812,外—挂,
4813,外汇局,
4814,外交部,
4815,外专局,
4816,晚年周恩来,
4817,万税,
4818,王八蛋,
4819,王宝森,
4820,王刚,
4821,王昊,
4822,王乐泉,
4823,王岐山,
4824,王太华,
4825,王兆国,
4826,王震,
4827,网管,
4828,威而钢,
4829,威而柔,
4830,卫生部,
4831,尉健行,
4832,温加宝,
4833,温家宝,
4834,温家保,
4835,温馨,
4836,温总理,
4837,文化部,
4838,文物局,
4839,倭国,倭寇,
4840,我操,
4841,我操你,
4842,我干,
4843,我妳老爸,
4844,我日,
4845,我日你,
4846,无界浏览器,
4847,吴　仪,
4848,吴邦国,
4849,吴官正,
4850,吴仪,
4851,五星红旗,
4852,西藏独立,
4853,西藏天葬,
4854,希拉克,
4855,希特勒,
4856,希望之声,
4857,洗脑班,
4858,系统,
4859,系统公告,
4860,系统讯息,
4861,鲜族,
4862,乡巴佬,
4863,想上你,
4864,小鸡鸡,
4865,小泉,
4866,小泉纯一郎,
4867,小日本,
4868,小肉粒,
4869,小乳头,
4870,小穴,
4871,邪教,
4872,新疆独立,
4873,兴奋剂,
4874,性爱,
4875,性交,
4876,性虐待,
4877,性无能,
4878,性欲,
4879,徐光春,
4880,学潮,
4881,血逼,
4882,血腥图片,
4883,鸦片,
4884,鸦片液,
4885,鸦片渣,
4886,烟草局,
4887,严方军,
4888,阳精,
4889,阳具,
4890,摇头丸,
4891,摇头玩,
4892,耶和华,
4893,耶苏,
4894,耶稣,
4895,叶剑英,
4896,夜情,
4897,一党专制,
4898,一贯道,
4899,一国两制,
4900,一夜情,
4901,一中一台,
4902,伊拉克,
4903,伊朗,
4904,伊斯兰,
4905,以茎至洞,
4906,抑制剂,
4907,阴部,
4908,阴唇,
4909,阴道,
4910,阴蒂,
4911,阴核,
4912,阴户,
4913,阴茎,
4914,阴毛,
4915,阴水,
4916,阴小撕大,
4917,淫,
4918,淫荡,
4919,淫秽,
4920,淫货,
4921,淫贱,
4922,淫叫,
4923,淫毛,
4924,淫靡,
4925,淫娃,
4926,淫语连连,
4927,淫欲,
4928,英雄纪念碑,
4929,硬挺,
4930,邮政局,
4931,游戏发奖员,
4932,游戏宫理员,
4933,游戏管理员,
4934,,俞正声,
4935,舆论钳制,
4936,玉杵,
4937,欲火焚身,
4938,原子能机构,
4939,援交,
4940,远程偷拍,
4941,曰GM,
4942,曰你,
4943,月经,
4944,月经不调,
4945,扎卡维是英雄,
4946,杂种,
4947,造反,
4948,曾培炎,
4949,曾庆红,
4950,扎卡维,
4951,张朝阳,
4952,张潮阳,
4953,张德江,
4954,张磊,
4955,,张小平
4956,,赵紫阳,
4957,侦探设备,
4958,真理教,
4959,中国恐怖组织,
4960,中华民国,
4961,中南海,
4962,中宣部,
4963,周恩来,
4964,周永康,
4965,周总理,
4966,朱德,
4967,朱容鸡,
4968,朱容基,朱熔基,
4969,朱镕基,
4970,朱总理,
4971,猪操,
4972,猪容基,
4973,主席,
4974,转法轮,
4975,,装屄,
4976,装逼,
4977,追查国际,
4978,,自焚,
4979,自杀手册,
4980,自杀指南,
4981,自制手枪,
4982,自治机关,
4983,宗教,总局,总理,
4984,作爱,
4985,坐台的,
4986,做爱,
4987,操逼毛,
4988,urban-rivals,
4989,rivals,
4990,u r,
4991,ur,
4992,U R,taobao,
4993,webgame.com.cn,
4994,他妈,
4995,她妈,
4996,牛B,
4997,煞笔,
4998,傻B,
4999,装B,
5000,不玩了,
5001,删号,
5002,垃圾游戏,
5003,烂游戏,
5004,删 号,
5005,,T.M.D,
5006,JB,
5007,,出售账号,
5008,出售此号,
5009,U/R,
5010,U-R,
5011,c a o,
5012,j8,
5013,吗的,
5014,8仙,
5015,出售神符,
5016,黄色,
5017,h站,
5018,龙虎,
5019,虎门,
5020,龙 虎 门,
5021,,WEB战牌,
5022,战牌,
5023,8 仙,
5024,ＵＲ,
5025,街头对抗,
5026,,法轮大法,
5027,混 沌决
5028,,ur,
5029,,鸡巴,
5030,总理,
5031,宗教,
5032,默罕默德,
5033,,ISIL，
5034,占中，
5035,信徒
5036,主佛
5037,活摘
5038,陆雪琴
5039,西藏
5040,新疆
5041,东伊运
5042,人间福报
5043,自由新闻报
5044,都市日报
5045,头条日报
5046,香港商报
5047,香港电台
5048,Discuss
5049,华富财经
5050,新报网站
5051,The Standard
5052,Hong Kong Herald. 台湾报纸
5053,中央社新闻网
5054,中央日报网络报
5055,中时电子报
5056,联合新闻网
5057,自由时报
5058,新台湾新闻
5059,中华日报
5060,民众电子报
5061,交清电子报
5062,东亚日报
5063,马祖日报
5064,国语日报
5065,八方国际资讯
5066,自立晚报
5067,台湾旺报
5068,天下杂志
5069,美洲台湾日报
5070,经济日报
5071,壹周刊(台湾)
5072,世界电影(台湾)
5073,鑫报e乐网
5074,工商时报
5075,金融邮报(台湾股网)
5076,30杂志
5077,农业电子报
5078,双语学生邮报
5079,中国时报新竹分社
5080,1999亚太新新闻
5081,台湾记者协会
5082,生命力公益新闻网
5083,英文中国邮报
5084,台英社
5085,Taipei Times
5086,天眼日报社
5087,青年日报
5088,世界新闻媒体网
5089,非常新闻通讯社
5090,更生日报
5091,彭博新闻社
5092,彭博商业周刊
5093,纽约时报
5094,C-SPAN
5095,明报
5096,明报月刊
5097,星岛日报
5098,太阳报
5099,亚洲周刊
5100,忽然1周
5101,壹周刊
5102,爽报
5103,穿越浏览器
5104,香港报纸
5105,联合报
5106,旺报
5107,中华电视公司
5108,客家电视台
5109,原住民族电视台
5110,壹电视
5111,澳洲广播电台中文网
5112,荷兰国际广播电台中文网
5113,Engadget中文网
5114,博客大赛网站
5115,自由亚洲电台
5116,自由欧洲电台
5117,加拿大国际广播电台
5118,法国国际广播电台
5119,梵蒂冈广播电台
5120,梵蒂冈亚洲新闻通讯社
5121,今日悉尼
5122,澳大利亚时报澳奇网
5123,中欧新闻网
5124,北美中文网
5125,南洋视界
5126,华人今日网
5127,多维新闻
5128,牛博网
5129,香港独立媒体
5130,媒体公民行动网
5131,新头壳
5132,主场新闻
5133,香港人网
5134,MyRadio
5135,民间电台
5136,阳光时务周刊
5137,开放杂志
5138,苦劳网
5139,留园网
5140,新三才
5141,希望之声国际广播电台
5142,新唐人电视台
5143,大纪元时报
5144,信报财经新闻
5145,公教报
5146,星岛日报消息
5147,达赖喇嘛的智慧箴言
5148,辛子陵
5149,高文谦
5150,心灵法门“白话佛法”系列节目
5151,世界报纸
5152,红太阳的陨落
5153,CNN/NHK
5154,彭博
5155,美国有线电视频道
5156,国际广播的电视节目
5157,世维会
5158,真主
5159,安拉
5160,白话佛法
5161,islam
5162,黄祸
5163,天藏
5164,法西斯 
5165,右翼
5166,CND刊物和论坛
5167,东方日报
5168,内幕
5169,中国茉莉花革命
5170,美国之音

5171,法广中文网
5172,明镜网
5173,大事件
5174,中央社
5175,倍可亲
5176,BBC
5177,大纪元网
5178,阿波罗新闻网
5179,看中国专栏
5180,万维读者网
5181,RFA
5182,零八宪章
5183,华尔街日报
5184,法广新闻网
5185,中国密报
5186,民主中国
5187,多维新闻网
5188,万维博客
5189,太陽報
5190,东网
5191,世界日报
5192,法广网
5193,世界新闻网
5194,阿波罗网
5195,内幕第28期
5196,多维网
5197,新纪元周刊387期
5198,中国时报
5199,新唐人电视台网
5200,联合早报
5201,星岛环球网
5202,博讯网
5203,金融时报
5204,南早中文网
5205,新史记
5206,金山桥
5207,牛泪
5208,德国之声中文网
5209,信报月刊
5210,中国人权双周刊
5211,明星新聞網
5212,西藏之声
5213,开放网
5214,RFI
5215,博谈网
5216,观察者网
5217,路透社
5218,香港经济日报
5219,新纪元
5220,纵览中国
5221,爱思想
5222,明镜新闻
5223,动向杂志
5224,争鸣杂志
5225,DJY
5226,英国金融时报
5227,明镜周刊
5228,联合新闻
5229,BBC

5230,AV
5231,草榴
5232,裸体
5233,裸聊
5234,性交易
5235,性感
5236,诱惑
5237,重口味
5238,做爱姿势
5239,胸推
5240,卖身
5241,偷欢
5242,赤裸
5243,勾引
5244,迷奸
5245,高潮
5246,偷精
5247,性骚扰
5248,意淫
5249,破处
5250,吹萧
5251,失身
5252,失禁
5253,外遇
5254,出轨
5255,呻吟
5256,闷骚
5257,风骚
5258,调戏
5259,调教
5260,不良
5261,寻欢
5262,推女郎
5263,诱人
5264,害羞
5265,色撸
5266,TD
5267,撸
5268,性乐
5269,恋孕
5270,爱爱
5271,里番
5272,天天干
5273,性息
5274,裸欲
5275,调教性奴
5276,成人软件
5277,sex聊天室
5278,小姐裸聊
5279,情色五月
5280,美女祼聊
5281,同居万岁
5282,风流岁月
5283,一本道
5284,腹黑
5285,滥情
5286,暴君
5287,同居
5288,人屠
5289,撩人
5290,专宠
5291,禁忌
5292,木耳
5293,丰乳
5294,翘臀
5295,乳波
5296,咪咪
5297,小攻
5298,小姐
5299,很黄
5300,小右
5301,小受
5302,浪臀
5303,臀浪
5304,幅
5305,辐
5306,蝠
5307,副
5308,畐
5309,奖
5310,奬
5311,开奖
5312,奖品
5313,奖励
5314,奖状
5315,奖杯
5316,奖金
5317,奖赏
5318,奖券
5319,获奖
5320,中奖
5321,福利
5322,洪福
5323,鸿福
5324,福莉
5325,糸
5326,Q群
5327,Q裙
5328,QQ
5329,活动
5330,官方
5331,客服
5332,正版
5333,管理
5334,rmb
5335,人名币
5336,钻石
5337,元宝
5338,游戏币
5339,5173.0
5340,支付宝
5341,微信
5342,宣传
5343,特权
5344,vip
5345,等于
5346,=
5347,冲反
5348,冲返
5349,充值
5350,冲值
5351,充返
5352,充反
5353,九游
5354,UC
5355,360.0
5356,华为
5357,腾讯
5358,小米
5359,企鹅
5360,代充
5361,特惠
5362,优惠
5363,礼包
5364,领奖
5365,GM
5366,g.m
5367,G.M.
5368,G_M
5369,巨人
5370,天佑
5371,Q号
5372,卡号
5373,加速
5374,修改器
5375,金币
5376,收购
5377,首充
5378,首冲
5379,月卡
5380,V信
5381,公众号
5382,先货
5383,公众
5384,关注
5385,邓于
5386,任选
5387,万钻
5388,陶宝
5389,代茺
5390,扣群
5391,扣扣
5392,茺
5393,一哲
5394,钅
5395,薇信
5396,授权
5397,指定
5398,正规
5399,唯一
5400,翅膀
5401,时装
5402,SVIP
5403,鑚
5404,萬
5405,鉆
5406,会员
5407,内部
5408,兑换
5409,折
5410,代码
5411,言号
5412,关
5413,注
5414,+
5415,封号
5416,众号
5417,万
5418,占
5419,兑
5420,换
5421,赚
5422,亻
5423,公
5424,众
5425,①
5426,②
5427,③
5428,④
5429,⑤
5430,⑥
5431,⑦
5432,⑧
5433,⑨
5434,⑩
5435,SV1P
5436,二
5437,十
5438,號
5439,翅旁
5440,V1P
5441,OO
5442,加薇
5443,啦
5444,哦
5445,妹
5456,威信
5457,微性
5458,澫
5459,搜索
5460,呺
5461,V芯
5462,工中号
5463,园
5464,佰
5465,赚石
5466,钻
5469,工
5471,⑥
5472,爱女人
5473,按摩棒
5474,拔出来
5475,爆草
5476,包二奶
5477,暴干
5478,暴奸
5479,暴乳
5480,爆乳
5481,暴淫
5482,被操
5483,被插
5484,被干
5485,逼奸
5486,仓井空
5487,插暴
5488,操黑
5489,操烂
5490,肏你
5491,肏死
5492,操死
5493,操我
5494,厕奴
5495,插比
5496,插b
5497,插逼
5498,插进
5499,插我
5500,插阴
5501,潮吹
5502,潮喷
5503,成人dv
5504,成人论坛
5505,成人小说
5506,成人电
5507,成人卡通
5508,成人聊
5509,成人视
5510,成人图
5511,成人文
5512,成人小
5513,成人色情
5514,成人网站
5515,成人文学
5516,艳情小说
5517,成人游戏
5518,吃精
5519,扌由插
5520,抽一插
5521,大波
5522,大力抽送
5523,大乳
5524,荡女
5525,盗撮
5526,多人轮
5527,发浪
5528,放尿
5529,肥逼
5530,粉穴
5531,封面女郎
5532,风月大陆
5533,干穴
5534,裹本
5535,国产av
5536,好嫩
5537,豪乳
5538,黑逼
5539,后穴
5540,虎骑
5541,花花公子
5542,换妻俱乐部
5543,几吧
5544,鸡吧
5545,寂寞男
5546,寂寞女
5547,激情
5548,集体淫
5549,奸情
5550,脚交
5551,金鳞岂是池中物
5552,金麟岂是池中物
5553,就去日
5554,巨屌
5555,菊花洞
5556,菊门
5557,巨奶
5558,巨乳
5559,菊穴
5560,开苞
5561,口爆
5562,口活
5563,口射
5564,口淫
5565,裤袜
5566,狂插
5567,浪逼
5568,浪妇
5569,浪叫
5570,浪女
5571,狼友
5572,聊性
5573,流淫
5574,铃木麻
5575,凌辱
5576,漏乳
5577,露b
5578,轮暴
5579,轮操
5580,裸陪
5581,买春
5582,美逼
5583,美少妇
5584,美乳
5585,美腿
5586,美穴
5587,美幼
5588,秘唇
5589,密穴
5590,蜜穴
5591,蜜液
5592,摸奶
5593,摸胸
5594,母奸
5595,奈美
5596,男奴
5597,内射
5598,嫩逼
5599,嫩女
5600,嫩穴
5601,捏弄
5602,女优
5603,炮友
5604,砲友
5605,喷精
5606,品香堂
5607,前凸后翘
5608,强jian
5609,强暴
5610,强奸处女
5611,情趣用品
5612,拳交
5613,全裸
5614,惹火身材
5615,人妻
5616,人兽
5617,日逼
5618,日烂
5619,肉逼
5620,肉唇
5621,肉茎
5622,肉具
5623,揉乳
5624,乳爆
5625,乳沟
5626,骚比
5627,骚女
5628,骚水
5629,骚穴
5630,色逼
5631,色界
5632,色猫
5633,色盟
5634,色情网站
5635,色区
5636,色色
5637,色诱
5638,色欲
5639,色b
5640,少年阿宾
5641,少修正
5642,射爽
5643,射颜
5644,食精
5645,释欲
5646,兽奸
5647,兽交
5648,兽欲
5649,熟妇
5650,熟母
5651,熟女
5652,爽片
5653,爽死我了
5654,双臀
5655,死逼
5656,丝袜
5657,丝诱
5658,松岛枫
5659,酥痒
5660,汤加丽
5661,套弄
5662,体奸
5663,体位
5664,舔脚
5665,舔阴
5666,偷拍
5667,脱内裤
5668,文做
5669,我就色
5670,无码
5671,舞女
5672,无修正
5673,吸精
5674,夏川纯
5675,相奸
5676,小逼
5677,校鸡
5678,小xue
5679,写真
5680,性感妖娆
5681,性感诱惑
5682,性虎
5683,性饥渴
5684,性技巧
5685,穴口
5686,学生妹
5687,穴图
5688,亚情
5689,杨思敏
5690,要射了
5691,夜勤病栋
5692,一夜欢
5693,一ye情
5694,淫虫
5695,淫电影
5696,阴阜
5697,淫妇
5698,淫河
5699,淫教师
5700,阴精
5701,淫浪
5702,淫媚
5703,淫糜
5704,淫魔
5705,淫母
5706,淫女
5707,淫虐
5708,淫妻
5709,淫情
5710,淫色
5711,淫声浪语
5712,淫兽学园
5713,淫书
5714,淫术炼金士
5715,淫威
5716,淫亵
5717,淫样
5718,淫照
5719,阴b
5720,应召
5721,幼交
5722,幼男
5723,幼女
5724,欲火
5725,欲女
5726,玉女心经
5727,玉蒲团
5728,玉乳
5729,欲仙欲死
5730,玉穴
5731,原味内衣
5732,援助交际
5733,张筱雨
5734,招鸡
5735,招妓
5736,中年美妇
5737,抓胸
5738,自拍
5739,18禁
5740,99bb
5741,a4u
5742,a4y
5743,adult
5744,amateur
5745,anal
5746,a片
5747,gay片
5748,g点
5749,g片
5750,hardcore
5751,h动画
5752,h动漫
5753,incest
5754,porn
5755,secom
5756,sexinsex
5757,sm女王
5758,xiao77
5759,xing伴侣
5760,tokyohot
5761,yin荡
5762,大sb
5763,刹笔
5764,沙比
5765,婊子养的
5766,我草
5767,卧艹
5768,卧槽
5769,爆你菊
5770,艹你
5771,cao你
5772,你他妈
5773,真他妈
5774,别他吗
5775,草你吗
5776,草你丫
5777,擦你妈
5778,操你娘
5779,娘西皮
5780,狗草
5781,狗杂种
5782,操你祖宗
5783,操你全家
5784,操你大爷
5785,你麻痹
5786,麻痹的
5787,妈了个逼
5788,马勒
5789,狗娘养
5790,贱比
5791,贱b
5792,下贱
5793,全家死光
5794,全家不得好死
5795,全家死绝
5796,无耻
5797,杀b
5798,你吗b
5799,人渣
5800,混蛋
5801,媚外
5802,和弦
5803,兼职
5804,限量
5805,铃声
5806,性伴侣
5807,男公关
5808,火辣
5809,诱奸
5810,发生关系
5811,按摩
5812,快感
5813,猛男
5814,少妇
5815,屁股
5816,下体
5817,内裤
5818,浑圆
5819,发情
5820,刺激
5821,白嫩
5822,粉嫩
5823,兽性
5824,阉割
5825,裸露
5826,不穿
5827,一丝不挂
5828,脱光
5829,裙中性运动
5830,乱奸
5831,乱伦类
5832,乱伦小
5833,伦理大
5834,伦理电影
5835,伦理毛
5836,伦理片
5837,裸聊网
5838,裸体写真
5839,裸舞视
5840,裸照
5841,美女裸体
5842,美女写真
5843,美女上门
5844,美艳少妇
5845,妹按摩
5846,妹上门
5847,迷幻藥
5848,迷昏口
5849,迷昏药
5850,迷昏藥
5851,迷魂香
5852,迷魂藥
5853,迷奸粉
5854,迷情粉
5855,迷情水
5856,迷情药
5857,迷藥
5858,谜奸药
5859,骚妇
5860,骚浪
5861,骚嘴
5862,色电影
5863,色妹妹
5864,色情表演
5865,色情图片
5866,色情小说
5867,色情影片
5868,色情片
5869,色视频
5870,色小说
5871,性服务
5872,性福情
5873,性感少
5874,性伙伴
5875,性交视频
5876,性交图片
5877,性奴集中营
5878,阴间来电
5879,阴茎增大
5880,阴茎助勃
5881,淫荡美女
5882,淫荡视频
5883,淫荡照片
5884,淫魔舞
5885,淫情女
5886,淫肉
5887,淫騷妹
5888,淫兽
5889,淫兽学
5890,morphine
5891,乖乖粉
5892,narcotic
5893,精神药品
5894,腐败中国
5895,你办事我放心
5896,社会主义灭亡
5897,打倒中国
5898,打倒共产主义
5899,打倒胡锦涛
5900,打倒江泽民
5901,打倒江主席
5902,打倒李鹏
5903,打倒罗干
5904,打倒温家宝
5905,打倒中共
5906,打倒朱镕
5907,抵制共产党
5908,抵制共产主义
5909,抵制胡锦涛
5910,抵制江泽民
5911,抵制江主席
5912,抵制李鹏
5913,抵制罗干
5914,抵制温家宝
5915,抵制中共
5916,抵制朱镕基
5917,灭亡中国
5918,亡党亡国
5919,粉碎四人帮
5920,激流中国
5921,特供
5922,特贡
5923,特共
5924,zf大楼
5925,殃视
5926,贪污腐败
5927,强制拆除
5928,形式主义
5929,政治风波
5930,上海帮
5931,北京帮
5932,清华帮
5933,红色贵族
5934,权贵集团
5935,河蟹社会
5936,喝血社会
5937,九风
5938,9风
5939,十七大
5940,十7大
5941,17da
5942,九学
5943,9学
5944,四风
5945,4风
5946,双规
5947,南街村
5948,最淫官员
5949,警匪
5950,官匪
5951,独夫民贼
5952,城管暴力执法
5953,强制捐款
5954,毒豺
5955,一党执政
5956,专制政权
5957,宪法法院
5958,胡平
5959,苏晓康
5960,贺卫方
5961,谭作人
5962,焦国标
5963,万润南
5964,张志新
5965,高勤荣
5966,王炳章
5967,高智晟
5968,司马璐
5969,刘晓竹
5970,刘宾雁
5971,魏京生
5972,寻找林昭的灵魂
5973,别梦成灰
5974,谁是新中国
5975,讨伐中宣部
5976,异议人士
5977,民运人士
5978,启蒙派
5979,选国家主席
5980,民一主
5981,min主
5982,民竹
5983,民珠
5984,民猪
5985,chinesedemocracy
5986,大赦国际
5987,国际特赦
5988,da选
5989,投公
5990,公头
5991,宪政
5992,平反
5993,党章
5994,维权
5995,昝爱宗
5996,宪章
5997,08宪
5998,08xz
5999,抿主
6000,敏主
6001,人拳
6002,人木又
6003,人quan
6004,renquan
6005,中国人权
6006,中国新民党
6007,群体事件
6008,群体性事件
6009,上中央
6010,去中央
6011,讨说法
6012,请愿
6013,请命
6014,公开信
6015,联名上书
6016,万人大签名
6017,万人骚动
6018,截访
6019,上访
6020,shangfang
6021,信访
6022,访民
6023,集合
6024,集会
6025,组织集体
6026,静zuo
6027,jing坐
6028,示wei
6029,you行
6030,油行
6031,游xing
6032,youxing
6033,反party
6034,抗议
6035,亢议
6036,抵制
6037,低制
6038,底制
6039,di制
6040,抵zhi
6041,dizhi
6042,boycott
6043,血书
6044,焚烧中国国旗
6045,baoluan
6046,流血冲突
6047,出现暴动
6048,发生暴动
6049,引起暴动
6050,baodong
6051,灭共
6052,杀毙
6053,罢工
6054,霸工
6055,罢考
6056,罢餐
6057,霸餐
6058,罢参
6059,罢饭
6060,罢吃
6061,罢食
6062,罢课
6063,罢ke
6064,霸课
6065,ba课
6066,罢教
6067,罢学
6068,罢运
6069,网特
6070,网评员
6071,网络评论员
6072,五毛党
6073,五毛们
6074,5毛党
6075,戒严
6076,jieyan
6077,jie严
6078,戒yan
6079,8的平方事件
6080,知道64
6081,八九年
6082,贰拾年
6083,2o年
6084,20和谐年
6085,贰拾周年
6086,六河蟹四
6087,六百度四
6088,六和谐四
6089,陆四
6090,陆肆
6091,198964.0
6092,5月35
6093,89年春夏之交
6094,64惨案
6095,64时期
6096,64运动
6097,4事件
6098,四事件
6099,北京风波
6100,学chao
6101,xuechao
6102,学百度潮
6103,门安天
6104,天按门
6105,坦克压大学生
6106,民主女神
6107,历史的伤口
6108,北高联
6109,血洗京城
6110,四二六社论
6111,沈彤
6112,封从德
6113,王超华
6114,王维林
6115,吾尔开希
6116,吾尔开西
6117,侯德健
6118,阎明复
6119,方励之
6120,蒋捷连
6121,辛灏年
6122,蒋彦永
6123,严家其
6124,陈一咨
6125,中华局域网
6126,党的喉舌
6127,互联网审查
6128,当局严密封锁
6129,新闻封锁
6130,封锁消息
6131,爱国者同盟
6132,关闭所有论坛
6133,网络封锁
6134,金盾工程
6135,gfw
6136,无界浏览
6137,无界网络
6138,自由门
6139,何清涟
6140,中国的陷阱
6141,汪兆钧
6142,记者无疆界
6143,境外媒体
6144,维基百科
6145,bbc中文网
6146,华盛顿邮报
6147,东森新闻网
6148,东森电视
6149,wikipedia
6150,youtube
6151,googleblogger
6152,美国广播公司
6153,自由亚洲
6154,反分裂
6155,威胁论
6156,左翼联盟
6157,保钓组织
6158,主权
6159,弓单
6160,火乍
6161,木仓
6162,石肖
6163,核蛋
6164,步qiang
6165,bao炸
6166,爆zha
6167,baozha
6168,zha药
6169,zha弹
6170,炸dan
6171,炸yao
6172,zhadan
6173,zhayao
6174,hmtd
6175,三硝基甲苯
6176,六氟化铀
6177,炸药配方
6178,弹药配方
6179,炸弹配方
6180,皮箱炸弹
6181,火药配方
6182,人肉炸弹
6183,解放军
6184,兵力部署
6185,军转
6186,军事社
6187,8341部队
6188,第21集团军
6189,七大军区
6190,7大军区
6191,北京军区
6192,沈阳军区
6193,济南军区
6194,成都军区
6195,广州军区
6196,南京军区
6197,兰州军区
6198,颜色革命
6199,规模冲突
6200,恐怖分子
6201,三股势力
6202,印尼屠华
6203,印尼事件
6204,蒋公纪念歌
6205,mayingjiu
6206,李天羽
6207,苏贞昌
6208,林文漪
6209,陈s扁
6210,陈随便
6211,a扁
6212,告全国同胞书
6213,台百度湾
6214,台完
6215,台wan
6216,taiwan
6217,台弯
6218,湾台
6219,台军
6220,台毒
6221,台du
6222,taidu
6223,twdl
6224,打台湾
6225,两岸战争
6226,攻占台湾
6227,支持台湾
6228,进攻台湾
6229,占领台湾
6230,统一台湾
6231,收复台湾
6232,登陆台湾
6233,解放台湾
6234,解放tw
6235,解决台湾
6236,光复民国
6237,台湾问题
6238,台海问题
6239,台海危机
6240,台海统一
6241,台海大战
6242,台海战争
6243,台海局势
6244,入联
6245,入耳关
6246,中华联邦
6247,x民党
6248,闹独立
6249,duli
6250,fenlie
6251,日本万岁
6252,小泽一郎
6253,劣等民族
6254,汉人
6255,汉维
6256,维汉
6257,维吾
6258,吾尔
6259,伊力哈木
6260,东突厥斯坦解放组织
6261,东突解放组织
6262,蒙古分裂分子
6263,列确
6264,阿旺晋美
6265,藏人
6266,臧人
6267,zang人
6268,藏民
6269,藏m
6270,赖达
6271,dalai
6272,哒赖
6273,dl喇嘛
6274,丹增嘉措
6275,打砸抢
6276,西独
6277,葬独
6278,臧独
6279,藏毒
6280,藏du
6281,zangdu
6282,支持zd
6283,藏暴乱
6284,雪山狮子旗
6285,拉萨
6286,啦萨
6287,啦沙
6288,啦撒
6289,拉sa
6290,lasa
6291,la萨
6292,藏西
6293,藏春阁
6294,藏獨
6295,藏独立
6296,藏字石
6297,xizang
6298,xi藏
6299,x藏
6300,西z
6301,tibet
6302,希葬
6303,希藏
6304,硒藏
6305,稀藏
6306,西脏
6307,西奘
6308,西葬
6309,西臧
6310,援藏
6311,bjork
6312,王千源
6313,回族
6314,回民
6315,穆罕穆德
6316,圣战组织
6317,清真
6318,清zhen
6319,qingzhen
6320,阿拉伯
6321,韩国狗
6322,满洲第三帝国
6323,满狗
6324,鞑子
6325,江丑闻
6326,江嫡系
6327,江毒
6328,江蛤蟆
6329,江黑心
6330,江胡内斗
6331,江祸心
6332,江家帮
6333,江绵恒
6334,江派和胡派
6335,江派人马
6336,江泉集团
6337,江人马
6338,江三条腿
6339,江氏集团
6340,江氏家族
6341,江氏政治局
6342,江氏政治委员
6343,江梳头
6344,江太上
6345,江系人
6346,江系人马
6347,江宰民
6348,江贼
6349,麻果丸
6350,麻将透
6351,麻醉弹
6352,麻醉狗
6353,麻醉槍
6354,麻醉藥
6355,台湾版假币
6356,台湾应该独立
6357,台湾有权独立
6358,天灭中共
6359,中共帮凶
6360,中共保命
6361,中共裁
6362,中共党文化
6363,中共腐败
6364,中共的血旗
6365,中共的罪恶
6366,中共帝国
6367,中共独裁
6368,中共封锁
6369,中共封网
6370,中共黑
6371,中共黑帮
6372,中共解体
6373,中共近期权力斗争
6374,中共恐惧
6375,中共权力斗争
6376,中共任用
6377,中共退党
6378,中共洗脑
6379,中共邪教
6380,中共邪毒素
6381,中共政治游戏
6382,福音会
6383,中国教徒
6384,统一教
6385,观音法门
6386,清海无上师
6387,盘古
6388,志洪李
6389,轮法功
6390,氵去车仑
6391,发论工
6392,法x功
6393,法o功
6394,法0功
6395,法一轮一功
6396,轮子功
6397,车仑工力
6398,法lun
6399,fa轮
6400,法lg
6401,flg
6402,fl功
6403,falungong
6404,大法弟子
6405,dajiyuan
6406,明慧周报
6407,正见网
6408,新唐人
6409,伪火
6410,退党
6411,tuidang
6412,退dang
6413,超越红墙
6414,自fen
6415,九评
6416,9评
6417,9ping
6418,九ping
6419,jiuping
6420,集体自杀
6421,自sha
6422,zi杀
6423,suicide
6424,titor
6425,逢8必灾
6426,逢八必灾
6427,逢9必乱
6428,逢九必乱
6429,朱瑟里诺
6430,根达亚文明
6431,诺查丹玛斯
6432,人类灭亡进程表
6433,按照马雅历法
6434,推背图
6435,推bei图
6436,济世灵文
6437,诸世纪
6438,电狗
6439,电话定位器
6440,电话拦截器
6441,电话窃听
6442,电话监
6443,电话交友
6444,电话追杀系统
6445,电击枪
6446,电鸡
6447,电警棒
6448,枪出售
6449,枪的制
6450,枪货到
6451,枪模
6452,枪手
6453,枪销售
6454,枪械制
6455,枪子弹
6456,售步枪
6457,售纯度
6458,售单管
6459,售弹簧刀
6460,售防身
6461,售狗子
6462,售虎头
6463,售火药
6464,售假币
6465,售健卫
6466,售军用
6467,售猎枪
6468,售氯胺
6469,售麻醉
6470,售枪支
6471,售热武
6472,售三棱
6473,售手枪
6474,售五四
6475,售一元硬
6476,售子弹
6477,售左轮
6478,亚砷（酸）酐
6479,亚砷酸钾
6480,亚砷酸钠
6481,亚硒酸
6482,亚硒酸二钠
6483,亚硒酸镁
6484,亚硒酸钠
6485,亚硒酸氢钠
6486,亚硝酸乙酯
6487,亚硝酰乙氧
6488,氧化二丁基锡
6489,氧化汞
6490,氧化铊
6491,氧化亚铊
6492,氧氯化磷
6493,原装弹
6494,原子弹方法
6495,原子弹清单
6496,安眠酮
6497,代血浆
6498,普萘洛尔
6499,呋塞米
6500,西布曲明
6501,testosterone
6502,胰岛素样生长因子
6503,促红细胞生成素
6504,地西泮
6505,尼可刹米
6506,甲睾酮
6507,adrenaline
6508,erythropoietin
6509,地奈德
6510,莫达非尼
6511,氯噻嗪
6512,苯巴比妥
6513,促性腺激素
6514,泼尼松
6515,麻黄草
6516,雄烯二醇
6517,地塞米松
6518,tamoxifen
6519,strychnine
6520,androst
6521,新型毒品
6522,mdma
6523,海luo因
6524,heroin
6525,diamorphine
6526,diacetylmorphine
6527,阿芙蓉
6528,咖啡因
6529,cocain
6530,美沙酮
6531,麻古
6532,凯他敏
6533,ketamine
6534,苯丙胺
6535,cannabis
6536,爱他死
6537,氯胺酮
6538,benzodiazepines
6539,甲基安非他明
6540,打人
6541,拆迁
6542,纠纷
6543,盗窃
6544,代药物毒品类：血浆
6545,专业代理
6546,帮忙点一下
6547,帮忙点下
6548,请点击进入
6549,详情请进入
6550,私人侦探
6551,私家侦探
6552,针孔摄象
6553,调查婚外情
6554,信用卡提现
6555,无抵押贷款
6556,广告代理
6557,原音铃声
6558,借腹生子
6559,找个妈妈
6560,找个爸爸
6561,代孕妈妈
6562,代生孩子
6563,代开发票
6564,腾讯客服电话
6565,销售热线
6566,免费订购热线
6567,低价出售
6568,款到发货
6569,回复可见
6570,连锁加盟
6571,加盟连锁
6572,免费二级域名
6573,免费使用
6574,免费索取
6575,蚁力神
6576,婴儿汤
6577,售肾
6578,刻章办
6579,买小车
6580,套牌车
6581,玛雅网
6582,电脑传讯
6583,视频来源
6584,下载速度
6585,高清在线
6586,全集在线
6587,在线播放
6588,txt下载
6589,六位qq
6590,6位qq
6591,位的qq
6592,个qb
6593,送qb
6594,用刀横向切腹
6595,完全自杀手册
6596,四海帮
6597,足球投注
6598,地下钱庄
6599,中国复兴党
6600,曾道人
6601,改卷内幕
6602,替考试
6603,隐形耳机
6604,出售答案
6605,考中答案
6606,答an
6607,da案
6608,资金周转
6609,救市
6610,股市圈钱
6611,崩盘
6612,资金短缺
6613,证监会
6614,质押贷款
6615,小额贷款
6616,周小川
6617,刘明康
6618,尚福林
6619,孔丹
6620,汉芯造假
6621,杨树宽
6622,中印边界谈判结果
6623,喂奶门
6624,摸nai门
6625,酒瓶门
6626,脱裤门
6627,75事件
6628,乌鲁木齐
6629,新疆骚乱
6630,针刺
6631,打针
6632,食堂涨价
6633,饭菜涨价
6634,h1n1
6635,瘟疫爆发
6636,yangjia
6637,y佳
6638,yang佳
6639,杨佳
6640,杨j
6641,袭警
6642,杀警
6643,武侯祠
6644,川b26931
6645,贺立旗
6646,周正毅
6647,px项目
6648,骂四川
6649,家l福
6650,家le福
6651,加了服
6652,麦当劳被砸
6653,豆腐渣
6654,这不是天灾
6655,龙小霞
6656,震其国土
6657,yuce
6658,提前预测
6659,地震预测
6660,隐瞒地震
6661,李四光预测
6662,蟾蜍迁徙
6663,地震来得更猛烈
6664,八级地震毫无预报
6665,踩踏事故
6666,聂树斌
6667,万里大造林
6668,陈相贵
6669,张丹红
6670,尹方明
6671,李树菲
6672,王奉友
6673,零八奥运艰
6674,惨奥
6675,奥晕
6676,凹晕
6677,懊运
6678,懊孕
6679,奥孕
6680,奥你妈的运
6681,反奥
6682,628事件
6683,weng安
6684,wengan
6685,翁安
6686,瓮安事件
6687,化工厂爆炸
6688,讨回工资
6689,代办发票
6690,代办各
6691,代办文
6692,代办学
6693,代办制
6694,代辦
6695,代表烦
6696,代開
6697,代考
6698,代理发票
6699,代理票据
6700,代您考
6701,代讨债
6702,代写毕
6703,代写论文
6704,代孕
6705,代追债
6706,考后付款
6707,考机构
6708,考考邓
6709,考联盟
6710,考前答案
6711,考前付
6712,考前密卷
6713,考前预测
6714,考试,答案
6715,考试,作弊器
6716,考试包过
6717,考试保
6718,考试答案
6719,考试机构
6720,考试联盟
6721,考试枪
6722,考试作弊
6723,考试作弊器
6724,考研考中
6725,透视功能
6726,透视镜
6727,透视扑
6728,透视器
6729,透视眼睛
6730,透视眼镜
6731,透视药
6732,透视仪
6733,打死经过
6734,打死人
6735,打砸办公
6736,KC短信
6737,KC嘉年华
6738,短信广告
6739,短信群发
6740,短信群发器
6741,小6灵通
6742,短信商务广告
6743,段录定
6744,无界
6745,无网界
6746,无网界浏览
6747,KC提示
6748,KC网站
6749,UP8新势力
6750,白皮书
6751,UP新势力
6752,移民
6753,易达网络卡
6754,安魂网
6755,纽崔莱七折
6756,手机复制
6757,手机铃声
6758,网关
6759,全1球通
6760,如6意通
6761,清仓
6762,灵动卡
6763,答案卫星接收机
6764,高薪养廉
6765,佳静安定片
6766,航空母舰
6767,航空售票
6768,号码百事通
6769,考前发放
6770,成本价
6771,诚信通手机商城
6772,高利贷
6773,联4通
6774,黑庄
6775,黑车
6776,联通贵宾卡
6777,联总
6778,联总这声传单
6779,联总之声传单
6780,高息贷款
6781,高干子弟
6782,恭喜你的号码
6783,恭喜您的号码
6784,高干子女
6785,各个银行全称
6786,各种发票
6787,高官
6788,高官互调
6789,高官子女
6790,喝一送一
6791,复制
6792,监听王
6793,传单
6794,旦科
6795,当官靠后台
6796,党校安插亲信
6797,传九促三
6798,客户端非法字符
6799,刻章
6800,dpp大法
6801,fa lun
6802,falu
6803,发抡
6804,洗脑
6805,下法轮
6806,发仑
6807,发沦
6808,发纶
6809,发正念
6810,发囵
6811,发愣
6812,发瞟
6813,罚抡
6814,罚伦
6815,罚仑
6816,罚沦
6817,罚纶
6818,罚囵
6819,筏抡
6820,筏轮
6821,筏伦
6822,筏仑
6823,筏沦
6824,筏纶
6825,筏论
6826,筏囵
6827,伐抡
6828,伐轮
6829,伐伦
6830,伐仑
6831,伐沦
6832,伐论
6833,伐囵
6834,乏抡
6835,乏轮
6836,乏伦
6837,乏仑
6838,乏沦
6839,乏纶
6840,乏论
6841,乏囵
6842,阀抡
6843,阀伦
6844,阀仑
6845,阀沦
6846,阀纶
6847,阀论
6848,阀囵
6849,法 轮 功
6850,法*功
6851,法.轮.功
6852,法L功
6853,法lun功
6854,法会
6855,法抡
6856,法抡功
6857,法轮佛法
6858,法伦
6859,法沦
6860,法纶
6861,法论
6862,法十轮十功
6863,法院
6864,法正
6865,法谪
6866,法谪功
6867,法輪
6868,法囵
6869,珐.輪功
6870,珐抡
6871,珐轮
6872,珐伦
6873,珐仑
6874,珐沦
6875,五不
6876,五不争鸣论坛
6877,五出三进
6878,五套功法
6879,邝锦文
6880,垡抡
6881,垡轮
6882,垡伦
6883,垡仑
6884,垡沦
6885,垡纶
6886,垡论
6887,垡囵
6888,茳澤民
6889,荭志
6890,闳志
6891,闵维方
6892,氵去车仑工力
6893,砝抡
6894,砝轮
6895,砝伦
6896,砝仑
6897,砝沦
6898,砝纶
6899,真、善、忍
6900,真善美
6901,砝论
6902,砝囵
6903,泓志
6904,屙民
6905,珐纶
6906,珐论
6907,珐囵
6908,falun
6909,Falundafa
6910,弟子
6911,地下教会
6912,炼功
6913,梦网洪志
6914,轮大
6915,抡功
6916,伦功
6917,三水法轮
6918,天皇
6919,天怒
6920,天葬
6921,功法
6922,讲法
6923,护法
6924,教徒
6925,功友
6926,虹志
6927,鸿志
6928,洪传
6929,贯通两极法
6930,光祖
6931,洪吟
6932,洪哲胜
6933,宏法
6934,宏志
6935,弘志
6936,古兰经
6937,红志
6938,车库
6939,经文
6940,腐败
6941,贪污
6942,gcd
6943,共贪党
6944,阿共
6945,共一产一党
6946,产党共
6947,公产党
6948,工产党
6949,共c党
6950,共x党
6951,共铲
6952,供产
6953,共惨
6954,供铲党
6955,供铲谠
6956,供铲裆
6957,共残党
6958,共残主义
6959,共产主义的幽灵
6960,拱铲
6961,老共
6962,中珙
6963,中gong
6964,gc党
6965,贡挡
6966,gong党
6967,g产
6968,狗产蛋
6969,共残裆
6970,恶党
6971,邪党
6972,共产专制
6973,共产王朝
6974,裆中央
6975,土共
6976,土g
6977,g匪
6978,仇共
6979,共产党腐败
6980,共产党专制
6981,共产党的报应
6982,共产党的末日
6983,communistparty
6984,症腐
6985,政腐
6986,政付
6987,正府
6988,政俯
6989,政f
6990,zhengfu
6991,政zhi
6992,挡中央
6993,档中央
6994,中国zf
6995,中央zf
6996,国wu院
6997,中华帝国
6998,gong和
6999,大陆官方
7000,北京政权
7001,刘志军
7002,张曙
7003,买别墅
7004,玩女人
7005,贪20亿
7006,许宗衡
7007,贪财物
7008,李启红
7009,贪腐财富
7010,落马
7011,高官名单
7012,玩忽职守
7013,有期徒刑
7014,受贿罪
7015,滥用职权
7016,没收个人财产
7017,成克杰
7018,死刑
7019,程维高
7020,严重违纪
7021,开除党籍
7022,撤销职务
7023,刘方仁
7024,无期徒刑
7025,倪献策
7026,徇私舞弊
7027,梁湘
7028,以权谋私
7029,撤职。
7030,李嘉廷
7031,死刑缓期
7032,张国光
7033,韩桂芝
7034,宋平顺
7035,自杀
7036,黄瑶
7037,陈绍基
7038,判处死刑
7039,剥夺政治权利终身
7040,没收个人全部财产
7041,石兆彬
7042,侯伍杰
7043,王昭耀
7044,剥夺政治权利
7045,杜世成
7046,沈图
7047,叛逃美国
7048,罗云光
7049,起诉
7050,张辛泰
7051,李效时
7052,边少斌
7053,徐鹏航
7054,违纪
7055,收受股票
7056,王乐毅
7057,李纪周
7058,郑光迪
7059,田凤山。
7060,邱晓华
7061,郑筱萸
7062,孙鹤龄
7063,蓝田造假案
7064,于幼军
7065,留党察看
7066,何洪达
7067,朱志刚
7068,杨汇泉
7069,官僚主义
7070,徐炳松
7071,托乎提沙比尔
7072,经济犯罪
7073,畏罪自杀。
7074,陈水文
7075,孟庆平
7076,胡长清
7077,朱川
7078,许运鸿
7079,丘广钟
7080,刘知炳
7081,丛福奎
7082,王怀忠
7083,巨额财产
7084,来源不明罪
7085,李达昌
7086,刘长贵
7087,王钟麓
7088,阿曼哈吉
7089,付晓光
7090,自动辞
7091,刘克田
7092,吕德彬
7093,刘维明
7094,双开
7095,刘志华
7096,孙瑜
7097,李堂堂
7098,韩福才 青海
7099,欧阳德 广东
7100,韦泽芳 海南
7101,铁英 北京
7102,辛业江 海南
7103,于飞 广东
7104,姜殿武 河北
7105,秦昌典 重庆
7106,范广举 黑龙江
7107,张凯广东
7108,王厚宏海南
7109,陈维席安徽
7110,王有杰河南
7111,王武龙江苏
7112,米凤君吉林
7113,宋勇辽宁
7114,张家盟浙江
7115,马烈孙宁夏
7116,黄纪诚北京
7117,常征贵州
7118,王式惠重庆
7119,周文吉
7120,王庆录广西
7121,潘广田山东
7122,朱作勇甘肃
7123,孙善武河南
7124,宋晨光江西
7125,梁春禄广西政协
7126,鲁家善 中国交通
7127,金德琴 中信
7128,李大强 神华
7129,吴文英 纺织
7130,查克明 华能
7131,朱小华光大
7132,高严 国家电力
7133,王雪冰
7134,林孔兴
7135,刘金宝
7136,张恩照
7137,陈同海
7138,康日新
7139,王益
7140,张春江
7141,洪清源
7142,平义杰
7143,李恩潮
7144,孙小虹
7145,陈忠
7146,慕绥新
7147,田凤岐
7148,麦崇楷
7149,柴王群
7150,吴振汉
7151,张秋阳
7152,徐衍东
7153,徐发 黑龙江
7154,张宗海
7155,丁鑫发
7156,徐国健
7157,李宝金
7158,单平
7159,段义和
7160,荆福生
7161,陈少勇
7162,黄松有
7163,皮黔生
7164,王华元
7165,王守业
7166,刘连昆
7167,孙晋美
7168,邵松高
7169,肖怀枢
7170,刘广智 空军
7171,姬胜德 总参
7172,廖伯年 北京
7173,《动向》
7174,《争鸣》
7175,《中国民主》
7176,322攻台作战计划
7177,38集团军
7178,3D轮盘
7179,64大屠杀
7180,6合彩
7181,70天大事记
7182,89学潮大屠杀
7183,89学潮血腥屠杀
7184,BB弹
7185,BB枪
7186,FL大法
7187,SIM卡复制器
7188,SM用品
7189,t牌车
7190,阿宾
7191,阿凡提机
7192,挨了一炮
7193,爱国运动正名
7194,爱国者同盟网站
7195,爱液横流
7196,安眠藥
7197,案的准确
7198,暗访包
7199,八九民
7200,八九学
7201,八九政治
7202,把病人整
7203,把邓小平
7204,把学生整
7205,罢工门
7206,白黄牙签
7207,白小姐
7208,百家乐
7209,百乐二呓
7210,败培训
7211,拜大哥
7212,斑蝥
7213,办本科
7214,办理本科
7215,办理各种
7216,办理票据
7217,办理真实
7218,办理证书
7219,办理资格
7220,办文凭
7221,办怔
7222,办证
7223,半刺刀
7224,辦毕业
7225,辦證
7226,帮人怀孕
7227,谤罪获刑
7228,磅解码器
7229,磅遥控器
7230,包办色情娱乐服务
7231,包青天机
7232,包养
7233,宝在甘肃修
7234,保过答案
7235,报复执法
7236,报码
7237,暴菊
7238,暴力袭警
7239,暴力执法
7240,爆发骚
7241,爆菊
7242,北姑
7243,北京独立
7244,北京黑幕
7245,北京市委黑幕
7246,北京政坛清华名人
7247,北美巡回讲法
7248,北省委门
7249,被指抄袭
7250,被中共
7251,本无码
7252,避孕膜
7253,鞭满
7254,变牌
7255,变牌绝
7256,辩词与梦
7257,冰火毒
7258,冰火佳
7259,冰火九重
7260,冰火漫
7261,冰淫传
7262,冰在火上
7263,波胆
7264,波推龙
7265,博彩
7266,博彩娱
7267,博会暂停
7268,博园区伪
7269,不查都
7270,不查全
7271,布卖淫女
7272,部忙组阁
7273,部是这样
7274,才知道只生
7275,财众科技
7276,采花堂
7277,彩宝
7278,彩票
7279,彩票选号机
7280,彩票预测
7281,踩踏事
7282,苍山兰
7283,苍蝇水
7284,操了嫂
7285,操嫂子
7286,策没有不
7287,插屁屁
7288,察象蚂
7289,拆迁灭
7290,禅密功
7291,长狗
7292,车仑大法
7293,车牌隐
7294,车用电子狗
7295,成佛做主
7296,城管灭
7297,惩公安
7298,惩贪难
7299,持枪证
7300,充气娃
7301,冲凉死
7302,抽着大中
7303,抽着芙蓉
7304,出成绩付
7305,出售发票
7306,出售军
7307,出售器官
7308,出售肾
7309,穿透仪器
7310,传九退三
7311,传送答案
7312,吹箭
7313,春宫
7314,春宫图
7315,春水横溢
7316,纯度白
7317,纯度黄
7318,慈悲功
7319,次通过考
7320,催眠水
7321,催情粉
7322,催情藥
7323,挫仑
7324,达毕业证
7325,达米宣教会
7326,答案包
7327,答案提供
7328,打标语
7329,打错门
7330,打飞机专
7331,大法轮
7332,大法修炼者
7333,大鸡巴
7334,大雞巴
7335,大妓院
7336,大揭露
7337,大奶子
7338,大批贪官
7339,大肉棒
7340,大学暴动
7341,大圆满法
7342,大庄
7343,大嘴歌
7344,贷借款
7345,贷开
7346,弹种
7347,当代七整
7348,当官要精
7349,当官在于
7350,党风日下
7351,党棍
7352,党后萎
7353,党禁
7354,党内权力
7355,党内权争
7356,党内危机
7357,党内言事潮
7358,党前干劲
7359,刀架保安
7360,导爆索
7361,导的情人
7362,导叫失
7363,导人的最
7364,导人最
7365,导小商
7366,到花心
7367,盗号
7368,盗取qq
7369,盗取密码
7370,得财兼
7371,的同修
7372,灯草和
7373,等级證
7374,等人老百
7375,等人是老
7376,等人手术
7377,邓爷爷转
7378,邓颖超日记
7379,邓玉娇
7380,抵制北京奥运
7381,地磅解码器
7382,地磅遥控器
7383,地产之歌
7384,地下先烈
7385,帝国之梦
7386,递进民主
7387,递纸死
7388,第二首都
7389,第三次世界大战
7390,第五代红人
7391,第五代接班梯队
7392,颠覆,共产党
7393,颠覆,共产主义
7394,颠覆,胡锦涛
7395,颠覆,温家宝
7396,颠覆,中共
7397,颠覆,朱镕基
7398,点金商务
7399,点数优惠
7400,电子狗导航手机
7401,甸果敢
7402,蝶舞按
7403,丁香社
7404,顶花心
7405,顶贴机
7406,顶帖器
7407,东复活
7408,东京热
7409,東京熱
7410,董元辰
7411,洞小口紧
7412,都当警
7413,都当小姐
7414,都进中央
7415,毒蛇钻
7416,独立台湾
7417,赌博机
7418,赌恒指
7419,赌具
7420,赌球网
7421,短信截
7422,短信猫
7423,短信投票业务
7424,段桂清
7425,对共产党清算
7426,对日强硬
7427,多党执政
7428,多美康
7429,躲猫猫
7430,俄罗斯轮盘
7431,俄羅斯
7432,恶搞人民币
7433,恶警
7434,恶势力操
7435,恶势力插
7436,恩氟烷
7437,儿园惨
7438,儿园砍
7439,儿园杀
7440,儿园凶
7441,二奶大
7442,二十四事件
7443,发仑da发
7444,发伦工
7445,发轮功
7446,发轮功陈果
7447,发牌绝
7448,发票出
7449,发票代
7450,发票代开
7451,发票销
7452,发贴工具
7453,发贴机
7454,發票
7455,法车仑
7456,法拉盛
7457,法拉盛缅街
7458,法力像佛
7459,法仑功
7460,法伦功
7461,法论功
7462,法能功
7463,法维权
7464,法西藏主义
7465,法一轮
7466,法院给废
7467,法正乾
7468,珐(工力)学
7469,反测速雷
7470,反对共产党
7471,反对共产主义
7472,反腐总攻
7473,反攻大陆
7474,反共传单
7475,反共言论
7476,反雷达测
7477,反雷达测速
7478,反屏蔽
7479,反社会主义
7480,反中共黑色暴力
7481,范燕琼
7482,方迷香
7483,芳香型智悟气功
7484,防电子眼
7485,防身枪
7486,防身药水
7487,房贷给废
7488,仿真枪
7489,仿真手枪
7490,仿真证
7491,费私服
7492,封锁消
7493,佛怀煽仇录
7494,佛同修
7495,夫妻交换
7496,福尔马林
7497,福娃的預
7498,福娃頭上
7499,福香巴
7500,府包庇
7501,府集中领
7502,妇销魂
7503,附送枪
7504,复印件生
7505,复印件制
7506,赴港生子
7507,富民穷
7508,富婆给废
7509,改号软件
7510,干扰器
7511,感扑克
7512,冈本真
7513,肛门是邻
7514,岡本真
7515,钢针狗
7516,钢珠枪
7517,港澳博球
7518,港馬會
7519,港鑫華
7520,高就在政
7521,高考,答案
7522,高考黑
7523,高莺莺
7524,搞媛交
7525,告长期
7526,告洋状
7527,格证考试
7528,蛤蟆转世
7529,个人圆满说
7530,个四小码
7531,个邪的党
7532,各类考试
7533,各类文凭
7534,根浴
7535,跟帖器
7536,跟踪器
7537,工程吞得
7538,工力人
7539,弓弩
7540,公安错打
7541,公开小姐
7542,攻官小姐
7543,供应发票
7544,共产主义黑皮书
7545,共和国2049
7546,共青背景
7547,共青团派
7548,共王储
7549,共字玄机
7550,狗粮
7551,狗屁专家
7552,狗友
7553,古方迷香
7554,鼓动一些
7555,官匪一家
7556,官商勾
7557,官也不容
7558,官因发帖
7559,光学真题
7560,广安事件
7561,广场事件
7562,跪真相
7563,滚圆大乳
7564,国办发
7565,国际投注
7566,国家妓
7567,国家软弱
7568,国家吞得
7569,国库折
7570,国统纲领
7571,国统会
7572,国一九五七
7573,國內美
7574,哈狗帮
7575,哈药直销
7576,海访民
7577,豪圈钱
7578,号屏蔽器
7579,合彩
7580,和狗交
7581,和狗性
7582,和狗做
7583,黑火药的
7584,红病历
7585,红床
7586,红客联盟
7587,红色恐怖
7588,红外,透视
7589,红外透视
7590,紅色恐
7591,胡的接班人
7592,胡江风云
7593,胡江关系
7594,胡江内斗
7595,胡江曾
7596,胡江争斗
7597,胡锦涛,腐败
7598,胡錦濤
7599,胡进涛
7600,胡派军委
7601,胡派人马
7602,胡适眼
7603,胡下台
7604,湖淫娘
7605,虎头猎
7606,护卫团
7607,华藏功
7608,华门开
7609,华闻
7610,化学扫盲
7611,划老公
7612,话在肉身显现
7613,还会吹萧
7614,还看锦涛
7615,环球证件
7616,皇冠投注
7617,皇家轮盘
7618,黄冰
7619,黄菊遗孀
7620,黄色,电影
7621,回汉冲突
7622,回民猪
7623,回忆六四
7624,浑圆豪乳
7625,活不起
7626,活体取肾
7627,活摘器官
7628,火车也疯
7629,机定位器
7630,机号定
7631,机号卫
7632,机卡密
7633,机屏蔽器
7634,积克馆
7635,基本靠吼
7636,基督灵恩布道团
7637,绩过后付
7638,激光气
7639,激光汽
7640,激情,电影
7641,激情,图片
7642,激情电
7643,激情电话
7644,激情短
7645,激情交友
7646,激情妹
7647,激情炮
7648,激情视频
7649,级办理
7650,级答案
7651,急需嫖
7652,疾病业债说
7653,集体打砸
7654,集体腐
7655,集体抗议
7656,挤乳汁
7657,擠乳汁
7658,记号扑克
7659,纪念达赖喇嘛流亡49周年
7660,纪念文革
7661,妓女的口号
7662,寂寞少妇
7663,加油机干扰器
7664,佳静安定
7665,家一样饱
7666,家属被打
7667,甲虫跳
7668,甲流了
7669,假币出售
7670,假发票
7671,假文凭
7672,假证件
7673,奸成瘾
7674,奸杀
7675,兼职上门
7676,监听器
7677,监听头
7678,监狱管理局
7679,监狱里的斗争
7680,简易炸
7681,江z民
7682,疆獨
7683,讲法传功
7684,叫自慰
7685,揭贪难
7686,姐包夜
7687,姐服务
7688,姐兼职
7689,姐上门
7690,解码开锁
7691,解密软件
7692,解体的命运
7693,解体中共
7694,金扎金
7695,金钟气
7696,津大地震
7697,津地震
7698,津人治津
7699,进来的罪
7700,禁网禁片
7701,京地震
7702,京夫子
7703,京要地震
7704,经典谎言
7705,精子射在
7706,警察被
7707,警察的幌
7708,警察殴打
7709,警察说保
7710,警车雷达
7711,警方包庇
7712,警徽
7713,警民冲突
7714,警用品
7715,径步枪
7716,敬请忍
7717,究生答案
7718,九龙论坛
7719,九评共
7720,九十三运动
7721,酒象喝汤
7722,酒像喝汤
7723,救度众生说
7724,就爱插
7725,就要色
7726,菊暴
7727,菊爆
7728,举国体
7729,据说全民
7730,绝食声
7731,军刺
7732,军品特
7733,军用手
7734,卡辛纳大道和三福大道交界处
7735,开邓选
7736,开平,轮奸
7737,开平,受辱
7738,开锁工具
7739,开天目
7740,開碼
7741,開票
7742,砍杀幼
7743,砍伤儿
7744,看JJ
7745,康没有不
7746,康生丹
7747,康跳楼
7748,抗议磁悬浮
7749,抗议中共当局
7750,磕彰
7751,克分析
7752,克千术
7753,克透视
7754,空和雅典
7755,空中民主墙
7756,孔摄像
7757,恐共
7758,控诉世博
7759,控制媒
7760,口手枪
7761,骷髅死
7762,矿难不公
7763,昆仑女神功
7764,拉帮游说
7765,拉登说
7766,拉开水晶
7767,拉票贿选
7768,拉萨僧人接连抗议
7769,拉线飞机
7770,来福猎
7771,拦截器
7772,狼全部跪
7773,浪穴
7774,乐透码
7775,雷管
7776,雷人女官
7777,类准确答
7778,黎阳平
7779,李大轮子
7780,李红痔
7781,李洪X
7782,李伟信的笔供
7783,李晓英
7784,李咏曰
7785,理各种证
7786,理是影帝
7787,理证件
7788,理做帐报
7789,力骗中央
7790,力月西
7791,丽媛离
7792,利他林
7793,连发手
7794,联盟党
7795,聯繫電
7796,练功群众
7797,炼大法
7798,两岸才子
7799,两会代
7800,两会又三
7801,聊斋艳
7802,了件渔袍
7803,猎好帮手
7804,猎枪
7805,猎枪销
7806,临震预报
7807,领导忽悠百姓叫号召
7808,领土拿
7809,流亡藏人
7810,流血事件
7811,留四进三
7812,六HE彩
7813,六代接班人
7814,六合采
7815,六死
7816,六四内部日记
7817,六四事
7818,六四受难者家属证辞
7819,六四信息
7820,六四资料馆
7821,六月联盟
7822,龙虎斗
7823,龙湾事件
7824,隆手指
7825,漏题
7826,陆封锁
7827,陆同修
7828,旅游新报
7829,轮手枪
7830,轮子小报
7831,论文代
7832,罗斯小姐
7833,落霞缀
7834,麻果配
7835,蟆叫专家
7836,买断
7837,买官卖官
7838,买枪
7839,买肾
7840,买真枪
7841,卖QQ号码
7842,卖春
7843,卖地财政
7844,卖发票
7845,卖枪
7846,卖肾
7847,卖血
7848,卖银行卡
7849,卖自考
7850,漫步丝
7851,忙爱国
7852,猫眼工具
7853,毛时代大饥荒揭秘
7854,毛泽东复活
7855,毛泽东侄子
7856,毛贼
7857,毛主席的嫡孙
7858,媒体封锁
7859,每周一死
7860,门按摩
7861,门保健
7862,门徒会
7863,門服務
7864,氓培训
7865,蒙古回归
7866,蒙汗药
7867,蒙汗药粉
7868,免电灯
7869,免费电影
7870,灭绝罪
7871,灭中共
7872,民储害
7873,民九亿商
7874,民抗议
7875,民殇
7876,民运分子
7877,民主不能等待
7878,民主还专政
7879,民族问题
7880,明hui
7881,明镜出版社
7882,铭记印尼
7883,摩小姐
7884,魔难论
7885,末世劫难
7886,末世论
7887,牟新生
7888,母乳家
7889,母子乱伦
7890,木齐针
7891,幕没有不
7892,幕前戲
7893,内争人权
7894,男妓
7895,南充针
7896,嫩阴
7897,泥马之歌
7898,你的西域
7899,拟涛哥
7900,娘两腿之间
7901,鸟巢最少死
7902,妞上门
7903,纽扣摄像机
7904,浓精
7905,怒的志愿
7906,女被人家搞
7907,女激情
7908,女技师
7909,女奴
7910,女人费
7911,女人和狗
7912,女任职名
7913,女上门
7914,女神教
7915,女士服务
7916,女伟哥
7917,女優
7918,鸥之歌
7919,拍肩,药
7920,拍肩神
7921,拍肩型
7922,拍肩醉迷药
7923,牌技网
7924,派系斗争
7925,盘古乐队
7926,盘口
7927,炮的小蜜
7928,跑官要官
7929,泡友
7930,陪考枪
7931,陪聊
7932,赔率
7933,配有消
7934,喷尿
7935,嫖俄罗
7936,嫖鸡
7937,嫖妓
7938,平惨案
7939,平反六四
7940,平叫到床
7941,仆不怕饮
7942,普提功
7943,普通嘌
7944,期货配
7945,奇迹的黄
7946,奇淫散
7947,骑单车出
7948,气狗
7949,气枪
7950,汽车解码器
7951,汽车走表器
7952,汽狗
7953,汽枪
7954,氣槍
7955,器官贩卖
7956,千禧弘法
7957,铅弹
7958,钱三字经
7959,强权政府
7960,强效失忆药
7961,抢其火炬
7962,切听器
7963,窃听
7964,亲共
7965,亲共分子
7966,亲共媒体
7967,侵犯国外专利
7968,钦点接班人
7969,禽流感了
7970,勤捞致
7971,沁园春血
7972,青海无上师
7973,氢弹手
7974,清场内幕
7975,清除负面
7976,清純壆
7977,清官团
7978,清海师父
7979,情聊天室
7980,情妹妹
7981,情色,论坛
7982,情色论坛
7983,情杀
7984,情视频
7985,情自拍
7986,氰化钾
7987,氰化钠
7988,请集会
7989,请示威
7990,琼花问
7991,区的雷人
7992,娶韩国
7993,全范围教会
7994,全真证
7995,全自动开锁器
7996,犬交
7997,群发广告机
7998,群发软件
7999,群奸暴
8000,群起抗暴
8001,群体灭绝
8002,群体性事
8003,群众冲击
8004,绕过封锁
8005,惹的国
8006,人祸
8007,人类灭亡时间表
8008,人类罪恶论
8009,人民币恶搞
8010,人权保护
8011,人宇特能功
8012,人在云上
8013,人真钱
8014,认牌绝
8015,任于斯国
8016,日月气功
8017,容弹量
8018,柔胸粉
8019,如厕死
8020,软弱的国
8021,软弱外交
8022,瑞安事件
8023,萨斯病
8024,赛后骚
8025,赛克网
8026,三班仆人派
8027,三挫
8028,三级,电影
8029,三级,影片
8030,三级电影
8031,三三九乘元功
8032,三网友
8033,三唑
8034,扫了爷爷
8035,杀害学生
8036,杀指南
8037,沙皇李长春
8038,山涉黑
8039,煽动不明
8040,煽动群众
8041,商务短信
8042,商务快车
8043,上海独立
8044,上门激
8045,上网文凭
8046,烧公安局
8047,烧瓶的
8048,韶关斗
8049,韶关玩
8050,韶关旭
8051,少妇自拍
8052,社会混
8053,射网枪
8054,涉台政局
8055,涉嫌抄袭
8056,身份证生成器
8057,深喉冰
8058,神的教会
8059,神七假
8060,神韵艺术
8061,神州忏悔录
8062,沈昌功
8063,沈昌人体科技
8064,肾源
8065,升达毕业证
8066,生被砍
8067,生踩踏
8068,生孩子没屁眼
8069,生命树的分叉
8070,生肖中特
8071,生意宝
8072,圣殿教
8073,圣火护卫
8074,圣灵重建教会
8075,圣战不息
8076,盛行在舞
8077,剩火
8078,尸博
8079,失身水
8080,失意药
8081,师涛
8082,狮子旗
8083,十八大接班人
8084,十八等
8085,十大独裁
8086,十大谎
8087,十大禁
8088,十个预言
8089,十类人不
8090,十七大幕
8091,十七大权力争霸战
8092,十七大人事安排
8093,十七位老部长
8094,实毕业证
8095,实体娃
8096,实学历文
8097,士的年
8098,士的宁
8099,士康事件
8100,独裁者
8101,世界之门
8102,式粉推
8103,视解密
8104,手变牌
8105,手狗
8106,手机,定位器
8107,手机,窃听
8108,手机跟
8109,手机跟踪定位器
8110,手机监
8111,手机监听
8112,手机监听器
8113,手机卡复制器
8114,手机魔卡
8115,手机窃听器
8116,手机追
8117,手木仓
8118,手枪
8119,守所死法
8120,书办理
8121,术牌具
8122,双管立
8123,双管平
8124,双筒
8125,谁是胡的接班人
8126,谁为腐败晚餐买单
8127,水阎王
8128,税务总局致歉
8129,丝护士
8130,丝情侣
8131,丝袜保
8132,丝袜恋
8133,丝袜美
8134,丝袜妹
8135,丝袜网
8136,丝足按
8137,司长期有
8138,司法黑
8139,司考答案
8140,司马璐回忆录
8141,私房写真
8142,私家侦探服务
8143,死法分布
8144,死刑现场
8145,死要见毛
8146,四博会
8147,四川大地震异象揭密
8148,四川朱昱
8149,四大扯
8150,四六级,答案
8151,饲养基地
8152,苏家屯集
8153,诉讼集团
8154,素女,自拍
8155,素女心
8156,速代办
8157,速取证
8158,酸羟亚胺
8159,缩阴
8160,蹋纳税
8161,太王四神
8162,太王四神记
8163,泰兴幼
8164,泰兴镇中
8165,泰州幼
8166,贪官也辛
8167,探测狗
8168,涛共产
8169,涛一样胡
8170,讨厌中国
8171,特别党费
8172,特工资
8173,特码
8174,特上门
8175,特务机构
8176,体透视镜
8177,替考
8178,替人体
8179,天朝特
8180,天鹅之旅
8181,天推广歌
8182,天要灭
8183,天音功
8184,田罢工
8185,田田桑
8186,田停工
8187,铁血师
8188,庭审直播
8189,通钢总经
8190,同盟党
8191,统治术
8192,偷電器
8193,偷啪,dv
8194,偷肃贪
8195,偷听器
8196,偷偷贪
8197,头双管
8198,投注站
8199,骰子
8200,秃鹰汽
8201,突破封锁
8202,突破网路
8203,屠杀学生
8204,土炮
8205,土枪
8206,推翻独裁
8207,推油按
8208,脱衣舞
8209,脱衣艳
8210,瓦斯手
8211,袜按摩
8212,外蒙回归
8213,外透视镜
8214,外围赌球
8215,万法归一功
8216,万能钥匙
8217,王立军
8218,王益案
8219,网络警察
8220,网民案
8221,网民获刑
8222,网民诬
8223,网站推广软件
8224,微型,监控
8225,微型摄像
8226,为党不为国
8227,围攻上海
8228,维汉员
8229,维权基
8230,维权人
8231,维权谈
8232,伪基百科
8233,伪政府
8234,委坐船
8235,卫星高频头
8236,卫星广播器材
8237,谓的和谐
8238,温加饱
8239,温家宝,腐败
8240,温家堡
8241,温切斯特
8242,温休曾退
8243,温影帝
8244,瘟加饱
8245,瘟假饱
8246,文凭证
8247,纹了毛
8248,闻被控制
8249,闻封锁
8250,瓮安
8251,我的西域
8252,我搞台独
8253,我们自杀吧
8254,我虽死去
8255,乌蝇水
8256,乌云其木格
8257,无耻语录
8258,无官正
8259,无人性的政权
8260,无线,监听
8261,吾爾開希
8262,五套功
8263,五月天
8264,午夜电
8265,午夜极
8266,武警暴
8267,武警殴
8268,武警已增
8269,武力镇压
8270,武装镇压
8271,务员答案
8272,务员考试
8273,雾型迷
8274,西藏,独立
8275,西藏国家民主党
8276,西藏人民大起义
8277,西藏限
8278,西藏作家组织
8279,西服进去
8280,希脏
8281,习进平
8282,习晋平
8283,席复活
8284,席临终前
8285,席指着护
8286,洗澡死
8287,喜贪赃
8288,先烈纷纷
8289,现大地震
8290,现金投注
8291,现在的党
8292,现在的公安
8293,现在的共产党
8294,现在的警察
8295,现在的社会
8296,现在的政府
8297,线透视镜
8298,限制言
8299,陷害案
8300,陷害罪
8301,霰弹
8302,香港彩
8303,香港独立
8304,香港马会
8305,香港一类
8306,香港总彩
8307,向巴平措
8308,消防灭火枪
8309,消防枪
8310,消业之说
8311,硝化甘
8312,小电影
8313,小活佛
8314,小姐按摩
8315,小姐上门
8316,肖中特
8317,校骚乱
8318,写两会
8319,泄漏的内
8320,新疆暴乱
8321,新疆叛
8322,新疆限
8323,新金瓶
8324,新生网
8325,新搪人
8326,态度蛮横
8327,新中华战记
8328,信访专班
8329,信用卡套现
8330,兴华论谈
8331,兴中心幼
8332,行长王益
8333,形透视镜
8334,性推广歌
8335,胸主席
8336,修炼大法
8337,徐玉元
8338,学骚乱
8339,学生领袖
8340,学位證
8341,血溅人民天堂
8342,血染的风采
8343,血色京机
8344,血色京畿
8345,血腥清场
8346,循环轮回论
8347,丫与王益
8348,严晓玲
8349,言被劳教
8350,言论罪
8351,盐酸曲
8352,眼镜,透视
8353,恙虫病
8354,遥控信号拦截器
8355,要射精了
8356,要泄了
8357,业力回报
8358,业力轮
8359,夜半加税
8360,夜激情
8361,液体炸
8362,一党独裁
8363,一党私利
8364,一卡多号
8365,一氯丙酮
8366,一氯乙醛
8367,一码中特
8368,一通功
8369,一通健康法
8370,一小撮别
8371,一肖
8372,一氧化二氟
8373,一氧化汞
8374,一夜激情
8375,伊皮恩
8376,遗情书
8377,乙酰替硫脲
8378,乙酰亚砷酸铜
8379,异硫氰酸烯丙酯
8380,异氰酸苯酯
8381,异氰酸甲酯
8382,因毒磷
8383,因毒硫磷
8384,银氰化钾
8385,银行卡复制设备
8386,隐蔽式摄像机
8387,隐形,耳机
8388,隐形,摄像机
8389,隐形耳
8390,隐形喷剂
8391,隐形摄像机
8392,应子弹
8393,婴儿命
8394,罂粟壳
8395,罂粟籽
8396,蝇毒
8397,影子政府
8398,雍战胜
8399,永伏虫
8400,咏妓
8401,用手枪
8402,优化官员
8403,幽谷三
8404,游精佑
8405,游戏机破解
8406,有偿服务
8407,有偿捐献
8408,有偿肾
8409,有码
8410,有奶不一
8411,右转是政
8412,幼齿类
8413,娱乐透视
8414,愚民同
8415,愚民政
8416,与狗性
8417,宇宙大法
8418,宇宙毁灭
8419,宇宙主佛
8420,育部女官
8421,预测答案
8422,冤民大
8423,鸳鸯洗
8424,渊盖苏文
8425,元极功
8426,原砷酸
8427,原一九五七
8428,袁伟民
8429,援藏网
8430,晕倒型
8431,韵徐娘
8432,赞成,西藏,独立
8433,脏毒
8434,脏独
8435,遭便衣
8436,遭到警
8437,遭警察
8438,遭武警
8439,择油录
8440,炸弹教
8441,炸弹遥控
8442,炸广州
8443,炸立交
8444,炸药的制
8445,炸药配
8446,炸药制
8447,粘氯酸
8448,张宏宝
8449,张宏堡
8450,张文中
8451,找枪手
8452,找援交
8453,找政法委副
8454,针刺案
8455,针刺伤
8456,针刺事
8457,针刺死
8458,针孔摄象机
8459,针孔摄像机
8460,真钱,百家乐
8461,真钱斗地
8462,真钱投注
8463,真实文凭
8464,震惊一个民
8465,证到付款
8466,证件公司
8467,证件集团
8468,证生成器
8469,证书办
8470,政府无能
8471,政论区
8472,政治局十七
8473,政治人祸的源头
8474,支那猪
8475,植物冰
8476,指纹考勤
8477,指纹膜
8478,指纹套
8479,制服诱
8480,制手枪
8481,制证定金
8482,制作证件
8483,治疗红斑狼疮
8484,治疗性病
8485,治疗乙肝
8486,治疗肿瘤
8487,中办发
8488,中的班禅
8489,中国不强
8490,中国高层权力斗争
8491,中国共和党
8492,中国官场情杀案
8493,中国过渡政府
8494,中国海外腐败兵团
8495,中国没有自由
8496,中国人民党
8497,中国实行血腥教育
8498,中国贪官在海外
8499,中国网络审查
8500,中国舆论监督网周洪
8501,中国正义党
8502,中国政府封锁消息
8503,中国支配下的朝鲜经济
8504,中国猪
8505,中华昆仑女神功
8506,中华养生益智功
8507,中华养生益智气
8508,中南海的权力游戏
8509,中南海斗争
8510,中南海恩仇录
8511,中南海黑幕
8512,中南海权力斗争
8513,中石油国家电网倒数
8514,中特
8515,中央黑幕
8516,中正纪念歌
8517,中组部前部长直言
8518,种公务员
8519,种学历证
8520,众像羔
8521,重亚硒酸钠
8522,重阳兵变
8523,州惨案
8524,州大批贪
8525,州三箭
8526,宙最高法
8527,昼将近
8528,朱镕基,腐败
8529,主神教
8530,主席忏
8531,属灵教
8532,住英国房
8533,助考
8534,助考网
8535,转法论
8536,转是政府
8537,赚钱资料
8538,庄家
8539,装弹甲
8540,装枪套
8541,装消音
8542,追债公司
8543,追踪,定位
8544,梓健特药
8545,自动群发
8546,自己找枪
8547,自慰用
8548,自由圣
8549,自由西藏
8550,自由西藏学生运动
8551,总会美女
8552,走私车
8553,足交
8554,足球,博彩
8555,足球玩法
8556,最后圆满
8557,醉钢枪
8558,醉迷药
8559,醉乙醚
8560,尊爵粉
8561,左棍
8562,左转是政
8563,作弊器
8564,作各种证
8565,作硝化甘
8566,唑仑
8567,10八
8568,香港总部
8569,颠覆中国政权
8570,文革
8571,文化大革命
8572,文学城
8573,自由亚州
8574,自由运动
8575,新疆独
8576,找政府评理
8577,贾庆
8578,林黄菊
8579,18大的人事
8580,政局雾里看花
8581,银行联合管理局
8582,政权
8583,正法
8584,中功
8585,伊斯兰运动
8586,政治局十八
8587,政治字眼（如两岸关系等）
8588,郑恩宠
8589,中南海波澜起伏
8590,中南海高层权利斗争
8591,中南海惊现东宫小朝廷
8592,中南海秘闻
8593,中共权斗
8594,中共权利斗争
8595,中央
8596,治军方针定调
8597,中央军委
8598,中央派系斗争
8599,中央团系
8600,李三共志
8601,国家安全
8602,李克强第五代领导人
8603,李克强接班人
8604,国家机密
8605,国军
8606,胡锦滔
8607,国民根本大法
8608,国庆
8609,非典
8610,东突厥斯坦伊斯兰运动
8611,海关总署
8612,国贼
8613,海外民运
8614,国资委
8615,封杀
8616,东西南北论坛
8617,分析
8618,中共派系力量再达成妥协
8619,反攻
8620,反社会
8621,游龙商务联盟
8622,反目
8623,印章
8624,反人类
8625,反腐败
8626,反封锁
8627,颠覆中华人民共和国政
8628,弟大物勃
8629,北京市亿霖
8630,公司
8631,布局十八大
8632,党政一把手
8633,邓晓平
8634,党退
8635,大陆当局
8636,分裂
8637,压迫
8638,分裂中华人民共和国
8639,第5代领导
8640,第四代
8641,多党
8642,第五代领导
8643,第五代领导人
8644,第五代领导新星
8645,第五代中共领导人
8646,独裁
8647,独裁政治
8648,独夫
8649,动乱
8650,北京
8651,18大
8652,1717wg.88448.com
8653,北京当局
8654,绑架
8655,18da
8656,暗杀
8657,报警
8658,暴力
8659,暴政
8660,爆炸
8661,安理会
8662,安全部
8663,安全监管
8664,保密室
8665,西藏独
8666,西山会议
8667,打压
8668,出卖
8669,18届
8670,18届常委
8671,18届名单
8672,18届委员
8673,18届中央
8674,18权力布局
8675,18预测
8676,奥运
8677,奥运会
8678,18大的人事安排意见
8679,18大人事变动
8680,两岸关系
8681,两岸三地论坛
8682,亡党
8683,两会
8684,连准
8685,秘书长
8686,密码
8687,深圳国领
8688,深圳红岭
8689,年轻高知团系接班
8690,收货
8691,收容所
8692,世华商务
8693,事实独立
8694,廉政大论坛
8695,柳树中学
8696,卖国唐捷
8697,人民报讯
8698,天安门
8699,天安门录影带
8700,天安门母亲
8701,天安门屠杀
8702,天安门一代
8703,绵恒
8704,绵恒异议人士
8705,人民大众
8706,人民大众时事参考
8707,人民内情真相
8708,人民真实
8709,人民真实报道
8710,人民真实报告
8711,人民之声
8712,人民之声论坛
8713,人权
8714,人事变动
8715,人事布局出手既稳又重
8716,人事接班
8717,人员安排
8718,人员变动
8719,人质
8720,六四民主运动
8721,天府广场集会
8722,通信维权
8723,铁道部
8724,统独
8725,统计局
8726,统战
8727,美国参考
8728,台*湾
8729,台盟
8730,台湾
8731,台湾独
8732,台湾共合国
8733,台湾建国运动组织
8734,台湾联盟
8735,台湾青年独立联盟
8736,台湾政论区
8737,台湾自由联盟
8738,摊牌要权
8739,贪官
8740,贪污犯
8741,唐人电视台
8742,讨伐
8743,缅甸
8744,权威主义国家的合法性理论
8745,全国两会
8746,蒙古独
8747,亲美
8748,亲日
8749,青天白日旗
8750,六四学生运动
8751,领事馆
8752,令狐计划
8753,同胞书
8754,令计划
8755,透支
8756,突厥斯坦
8757,涂运普
8758,团派
8759,团派政治明星
8760,推翻
8761,推翻社会主义制度
8762,外交论坛
8763,外交与方略
8764,外蒙
8765,外围
8766,迫害
8767,罗蒙马格赛基金会
8768,十大穷人
8769,十六大
8770,十八大
8771,十八大权力变更
8772,十八大人事
8773,十八大人事安排意见
8774,十八大人事调整
8775,十八大未来
8776,十八大预测
8777,省市换班第五代冒起
8778,省委大门集合
8779,省政府大门集合
8780,十八大政治局
8781,萨拉托加
8782,三个代表
8783,如何推翻中共
8784,瑞士金融大学
8785,上海孤儿院
8786,上海垮台
8787,上海市劳动和社会保障局违规使用社保资金
8788,社保基金会
8789,社会主义
8790,融资
8791,审计署
8792,生当作人杰之昨日重现
8793,十八换血
8794,十八届
8795,十八年
8796,商务领航
8797,十八庆红
8798,数据中国
8799,刷卡
8800,刷卡消费
8801,双十节
8802,刘奇葆热门人选
8803,四川独
8804,出台
8805,高层人事变动
8806,加拿大皇家骑警
8807,胡权利瓜分
8808,胡书记
8809,胡温
8810,胡晓炼
8811,胡玉敏
8812,胡泽君
8813,胡振民
8814,建国党
8815,检查部
8816,韩长赋
8817,韩东方
8818,韩联潮
8819,韩正
8820,韩正降职副市长
8821,捍卫社会主义共和国
8822,监管局
8823,建设部
8824,僵贼
8825,姜春云
8826,姜大明
8827,姜洪禄
8828,姜建清
8829,姜伟新
8830,姜异康
8831,将则民
8832,江core.江ze民
8833,江澤民.江八
8834,江八点.江独裁
8835,江蛤蟆.江核心
8836,江流氓
8837,江责民
8838,江则民
8839,江泽慧江泽林
8840,江泽民.江贼
8841,江贼民.江折民
8842,江猪.江猪媳
8843,江主
8844,抗日
8845,教养院
8846,老人政治
8847,公证
8848,公证处
8849,共军
8850,锦涛
8851,共青团背景
8852,共铲党
8853,老江
8854,联合行动
8855,联合起诉最高人民法院
8856,老毛
8857,共产
8858,回民暴
8859,换届隐忧
8860,大史
8861,复转军人
8862,公关
8863,公馆
8864,军事委员会
8865,军委
8866,军委主席
8867,军转安置
8868,军转干部
8869,公开批评中央高层领导人
8870,公开信胡
8871,公开信胡书记空中民主墙
8872,鸡毛信文汇
8873,纪元
8874,公投
8875,理想信念斗争
8876,持不同政见
8877,从陈良宇倒台看中国政局走势
8878,周恩来后悔
8879,周恩来自责
8880,周刊纪事
8881,周恩来忏悔
8882,中央召开北戴河会议决定十八大高层人事
8883,中国在统一问题上的投降主义
8884,中国真实内容
8885,咨讯紫阳
8886,中国政坛“清华帮”盛极而衰
8887,中国政坛新星中的四大天王
8888,中国政治新星
8889,中国泛蓝联盟
8890,中国复兴论坛
8891,中国改革年代政治斗争
8892,西藏论坛
8893,中国高层人事变动解读
8894,中国六四真相
8895,中国论坛
8896,中国媒体十大事件
8897,中国民主党联合总部
8898,中国社会的艾滋病
8899,中国社会进步党
8900,中国社会论坛
8901,中国共产党
8902,中国孤儿院
8903,中国和平
8904,中国联通
8905,中国太子
8906,中国网通
8907,中共当局
8908,中共反腐风暴大背景揭秘
8909,中共高层变动：王兆国将任常委或取代贾庆龄
8910,中共领导人黑幕
8911,香港明报
8912,星亚网络影视公司
8913,中共十八布局
8914,中共十八大的基层选举
8915,中共十八大前夕
8916,中共十八大前夕人事布局出手既稳又重
8917,中共十八大热门人选
8918,中共十八热门人选
8919,中共十八人事
8920,中共十八人事变动
8921,中共十八人选
8922,中国威胁论
8923,中国问题论坛
8924,中国移动
8925,中国移动通信
8926,中国银联
8927,18大委员名单
8928,大中国论坛
8929,大中华论坛
8930,18高官互调
8931,4．25事件
8932,钟山风雨论坛
8933,重新评定
8934,印尼伊斯兰祈祷团
8935,中央政治局
8936,中医药局
8937,40万名车车主名单
8938,信访局
8939,信号
8940,信息产业部
8941,信用卡
8942,信用卡空卡
8943,信用危机
8944,星相
8945,版署
8946,新势力
8947,九评共产党
8948,中华人民正邪
8949,中华时事
8950,燕南评论
8951,央视内部晚会
8952,中华真实报道
8953,中华大地思考
8954,宇明网
8955,宇宙真理
8956,语音
8957,中华大众
8958,中华讲清
8959,东洲
8960,北韩
8961,俄国
8962,民告官
8963,民联
8964,民意
8965,民意论坛
8966,民阵
8967,民主墙
8968,民族矛盾
8969,诺贝尔和平奖
8970,东方红时空
8971,风水宝地
8972,舆论
8973,舆论反制
8974,风雨神州
8975,自由
8976,自由网
8977,自由写作奖
8978,自主择业
8979,宗教压迫
8980,先天健康法
8981,阻止中华人民共和国统
8982,昨日重现
8983,咨询
8984,咨讯
8985,风雨神州论坛
8986,东方时空
8987,访问链接
8988,飞扬论坛
8989,独立中文笔会
8990,东南西北论谈
8991,真相
8992,真象
8993,争鸣论坛
8994,正帮通信公司
8995,正见
8996,正邪大决战
8997,正义党论坛
8998,北京之春民主论坛
8999,北美讲坛
9000,倒陈运动的最大受益人
9001,反封锁技术
9002,反腐败论坛
9003,地下刊物
9004,恶搞晚会
9005,北美论坛
9006,地铁十号线塌方
9007,逊克农场26队
9008,春夏论坛
9009,国研新闻邮件
9010,国色天香网
9011,春夏之交
9012,春夏自由论坛
9013,亚洲自由之声
9014,邓小平和他的儿子
9015,政坛两黑马
9016,政坛明日之星
9017,中國當局
9018,中朝
9019,中电信
9020,中俄边界
9021,中俄边界新约
9022,中俄密约
9023,致胡书记的公开信
9024,指点江山论坛
9025,北美自由论坛
9026,参加者回忆录
9027,九-评
9028,九.评
9029,九、评
9030,九—评
9031,九成
9032,九成新
9033,九码
9034,新观察论坛
9035,新华举报
9036,新华内情
9037,新华社
9038,新华通论坛
9039,大众真人真事
9040,大家论坛
9041,新闻办
9042,新语丝
9043,北大三角
9044,地论坛
9045,9.635
9046,中华人民实话实说
9047,杂志
9048,E周刊
9049,安装卫星电视
9050,代表大会
9051,论坛
9052,南大论坛
9053,南大自由论坛
9054,你说我说论坛
9055,木子论坛
9056,两会报道
9057,两会新闻
9058,轻舟快讯
9059,热站政论网
9060,时代论坛
9061,时事参考
9062,时事论坛
9063,万维读者论坛
9064,统独论坛
9065,特讯
9066,世界经济导报
9067,世界通
9068,超常科学
9069,传说的胡曾联手是一种假象
9070,跨世纪的良心犯
9071,告全国股民同胞书
9072,华岳
9073,华岳时事论坛
9074,华夏文摘快递
9075,华语世界论坛
9076,和平请愿书
9077,华人媒体
9078,华通时事论坛
9079,华夏文摘
9080,广 闻
9081,广电局
9082,广东五元集团
9083,广告
9084,广闻
9085,红潮谎言录
9086,告全体网民书
9087,告中国人民解放军广大官兵书
9088,港料
9089,大史记
9090,联总之声
9091,集体上访
9092,讲事实
9093,要说法
9094,霍英东临终遗言
9095,大史纪
9096,传中共中央关于18大的人事安排意见
9097,短信
9098,短信:广告
9099,短信平台
9100,小灵通
9101,电信
9102,动5感地带
9103,移3动
9104,移动
9105,移动公司
9106,移动集团
9107,铃声下载
9108,手机铃声下载
9109,手机游戏
9110,神7州行
9111,超市
9112,打折机票
9113,号
9114,航班
9115,航空
9116,航天
9117,大2众卡
9118,辅导
9119,联 通 贵宾 卡
9120,黑马
9121,联通
9122,联通商务通
9123,辅导班
9124,复式
9125,传:单
9126,陈宝生
9127,程凯
9128,程铁军
9129,程真
9130,陈炳德
9131,陈炳基
9132,陈车
9133,陈川平
9134,陈存根
9135,戴秉国
9136,戴相龙
9137,陈德铭
9138,陈国令
9139,董贵山
9140,董万才
9141,陈冀平
9142,冯东海
9143,冯敏刚
9144,冯寿淼
9145,冯素英
9146,陈际瓦
9147,陈建国
9148,陈军
9149,陈奎元
9150,陈雷
9151,傅成玉
9152,傅申奇
9153,傅志寰
9154,傅怡彬
9155,贾安
9156,贾廷安
9157,贾育台
9158,贾治邦
9159,傅雯娟
9160,符贵
9161,符强
9162,符跃兰
9163,陈蒙
9164,陈敏尔
9165,陈破空
9166,陈润儿
9167,陈文清
9168,邓楠
9169,迪里夏提
9170,陈希
9171,焉荣竹
9172,严家祺
9173,陈小同
9174,陈新权
9175,陈宣良
9176,陈训秋
9177,陈一谘
9178,丁元
9179,陈元
9180,陈政高
9181,陈至
9182,李 洪 志
9183,李安东
9184,李斌
9185,李长才
9186,李长江
9187,李成玉
9188,李崇禧
9189,李从军
9190,李法泉
9191,李刚
9192,李海峰
9193,李汉柏
9194,李鸿忠
9195,李洪峰
9196,李洪宽
9197,李宏治
9198,李继耐
9199,李纪恒
9200,李建国
9201,于大海
9202,于浩成
9203,于起龙
9204,李金城
9205,李金章
9206,李景田
9207,李康
9208,李克
9209,李兰菊
9210,李老师
9211,李立国
9212,李禄
9213,徐邦秦
9214,徐斌
9215,徐才厚
9216,徐粉林
9217,徐建国
9218,徐敬业
9219,徐匡迪
9220,徐乐江
9221,徐绍史
9222,徐守
9223,徐水良
9224,徐天亮
9225,徐一天
9226,许达哲
9227,许家屯
9228,许其亮
9229,许云昭
9230,肖爱玲
9231,肖钢
9232,肖捷
9233,肖强
9234,肖亚庆
9235,李录
9236,李买富
9237,李契克
9238,李荣融
9239,李少民
9240,李盛霖
9241,李世明
9242,李适时
9243,李淑娴
9244,李旺阳
9245,李文斌
9246,李熙
9247,李希
9248,李向东
9249,李小朋
9250,李小鹏
9251,李小雪
9252,李学举
9253,李学勇
9254,李延芝
9255,李毅中
9256,李玉赋
9257,李玉妹
9258,李源潮
9259,李月鸟
9260,李月月鸟
9261,余欣荣
9262,余英时
9263,余远辉
9264,俞杰
9265,李兆焯
9266,李志绥
9267,李总理
9268,李总统
9269,李幛喆
9270,林保华
9271,林长盛
9272,林军
9273,廖锡龙
9274,林明月
9275,林慎立
9276,廖晖
9277,林树森
9278,林幼芳
9279,凌锋
9280,林左鸣
9281,林樵清
9282,令狐安
9283,刘宾深
9284,刘成军
9285,刘春良
9286,刘冬冬
9287,刘刚
9288,刘国凯
9289,刘华清
9290,刘慧
9291,刘家义
9292,刘建华
9293,刘京
9294,刘俊国
9295,刘凯中
9296,刘鹏
9297,刘奇葆
9298,刘千石
9299,刘青
9300,刘山青
9301,刘石泉
9302,刘士贤
9303,刘士贤司马晋
9304,刘伟
9305,刘伟平
9306,刘文胜
9307,刘文瑜
9308,刘晓波
9309,刘晓江
9310,刘晓凯
9311,刘晓榕
9312,刘学普
9313,刘亚洲
9314,刘延东
9315,刘永川
9316,刘永治
9317,刘玉浦
9318,刘玉亭
9319,刘源
9320,刘粤军
9321,刘振来
9322,刘振起
9323,刘振亚
9324,陈子明
9325,陈总统
9326,陈左宁
9327,邓昌友
9328,邓可人
9329,邓天生
9330,邓笑贫
9331,蔡崇国
9332,蔡继华
9333,蔡挺
9334,蔡武
9335,蔡振华
9336,艾斯海提·克里木拜
9337,安立敏
9338,巴赫
9339,巴特尔
9340,巴音
9341,朝鲁
9342,白志健
9343,白春礼
9344,范长龙
9345,范印华
9346,万晓东
9347,汪梦飞
9348,汪洋
9349,汪岷
9350,王策
9351,王传平
9352,王东明
9353,王辅臣
9354,王冠中
9355,王光亚
9356,王国生
9357,王涵万
9358,周强
9359,周生贤
9360,周天法
9361,周旋
9362,周英
9363,朱保成
9364,朱成虎
9365,朱丹
9366,朱嘉明
9367,朱金基
9368,朱琳
9369,朱明国
9370,朱维群
9371,朱之鑫
9372,王和民
9373,王鸿举
9374,王洪章
9375,王沪
9376,王沪宁
9377,王华庆
9378,王家瑞
9379,王建军
9380,王建平
9381,王金山
9382,王进东
9383,王军涛
9384,王俊莲
9385,王莉莉
9386,王立英
9387,王力雄
9388,王明方
9389,王荣
9390,王儒林
9391,王瑞林
9392,王润生
9393,王若望
9394,王三运
9395,王胜俊
9396,王寿祥
9397,王通智
9398,王万宾
9399,王为璐
9400,王维民
9401,王伟
9402,王伟光
9403,王希哲
9404,王喜斌
9405,王侠
9406,王宪魁
9407,王晓初
9408,王新宪
9409,王秀丽
9410,王旭东
9411,王学军
9412,王冶坪
9413,王毅
9414,王勇
9415,王玉普
9416,王正福
9417,王正伟
9418,王志刚
9419,王忠民
9420,方舟子
9421,曹长青
9422,郭庚茂
9423,章虹
9424,章沁生
9425,张宝顺
9426,张博涵
9427,张伯笠
9428,张成寅
9429,张春贤
9430,张钢
9431,张耕
9432,张国清
9433,张海阳
9434,张惠新
9435,张基
9436,张纪南
9437,张健
9438,张建平
9439,张杰
9440,张军
9441,张开双腿
9442,张连珍
9443,张林
9444,张平
9445,张庆黎
9446,张庆伟
9447,张汝成
9448,张仕波
9449,张铁健
9450,张万年
9451,张伟国
9452,张文岳
9453,张先玲
9454,吴爱
9455,吴百益
9456,吴定富
9457,吴方城
9458,吴宏达
9459,吴弘达
9460,吴仁华
9461,吴胜利
9462,吴双战
9463,吴新雄
9464,吴学灿
9465,吴学璨
9466,吴玉良
9467,吴镇南
9468,吴毓萍
9469,武吉海
9470,张晓刚
9471,张晓平
9472,张轩
9473,张研农
9474,张阳
9475,张裔炯
9476,张毅
9477,张又侠
9478,张玉台
9479,张云川
9480,张昭富
9481,张志清
9482,张中伟
9483,张左己
9484,张岱梨
9485,何德普
9486,何峰
9487,何家栋
9488,何平
9489,何勇
9490,郭金龙
9491,黄局
9492,黄康生 
9493,晴宜 
9494,黄树贤
9495,黄献中
9496,黄翔
9497,黄兴国
9498,黄作兴
9499,黄慈萍
9500,黄殿中
9501,魏凤和
9502,魏家福
9503,魏礼群
9504,魏新生
9505,袁纯清
9506,袁贵仁
9507,袁家军
9508,袁荣祥
9509,卫留成
9510,赵爱明
9511,赵海青
9512,赵洪祝
9513,赵克石
9514,赵乐际
9515,赵南
9516,赵品潞
9517,赵铁锤
9518,赵宪庚
9519,赵晓微
9520,郑义
9521,郑源
9522,郑中
9523,温元凯
9524,温云松
9525,邢元敏
9526,邢铮
9527,黄华华
9528,黄建国
9529,黄晶
9530,郭罗基
9531,郭平
9532,郭声琨
9533,郭树清
9534,郭岩华
9535,郭炎炎
9536,郭永平
9537,杨崇汇
9538,杨传升
9539,杨传堂
9540,杨刚
9541,杨怀安
9542,杨焕宁
9543,杨建利
9544,杨建亭
9545,杨洁篪
9546,杨晶
9547,杨利民
9548,杨利伟
9549,杨士秋
9550,杨松
9551,杨巍
9552,杨衍银
9553,杨元元
9554,杨月清
9555,杨周
9556,姚月谦
9557,姚增科
9558,叶冬松
9559,叶青纯
9560,曹建明
9561,曹康泰
9562,曹清
9563,白恩培
9564,白景富
9565,白军
9566,白立忱
9567,白立朴
9568,白梦
9569,鲍戈
9570,鲍彤
9571,杜导斌
9572,谢长廷
9573,谢和平
9574,谢小庆
9575,谢旭人
9576,谢选骏
9577,谢中之
9578,杜恒岩
9579,杜鹃
9580,费良勇
9581,杜青林
9582,杜学芳
9583,杜宇新
9584,杜智富
9585,贝领
9586,本.拉登
9587,不来提不都热西提
9588,梁保华
9589,柳斌杰
9590,楼继伟
9591,邱学强
9592,齐墨
9593,仁吉旺姆
9594,仁青加
9595,卢越刚
9596,马大维
9597,莫伟强
9598,申维辰
9599,任亚平
9600,蔣彥永
9601,舒晓琴
9602,盛华仁
9603,努尔白克力
9604,彭枫
9605,彭清华
9606,欧泽高
9607,宋xx
9608,司马晋
9609,司马义·铁力瓦尔地
9610,水扁
9611,史莲喜
9612,石宗源
9613,石大华
9614,司徒华
9615,宋爱荣
9616,宋平
9617,宋平一句话
9618,宋书元
9619,宋秀岩
9620,宋育英
9621,苏荣
9622,苏绍智
9623,田成平
9624,田力普
9625,田修思
9626,童世平
9627,童屹
9628,童增
9629,铁凝
9630,苏士亮
9631,苏树林
9632,孙宝树
9633,孙春兰
9634,孙大发
9635,孙建国
9636,孙金龙
9637,孙思敬
9638,孙晓群
9639,孙政才
9640,孙忠同
9641,汤光中
9642,汤涛
9643,唐柏桥
9644,唐捷
9645,陶驷驹
9646,潘国平
9647,钦本立
9648,尚勇
9649,邵家健
9650,秦光荣
9651,秦晋
9652,秦银河
9653,邵明立
9654,邵琪伟
9655,沈德咏
9656,沈浩波
9657,沈素琍
9658,沈跃跃
9659,潘云鹤
9660,孟建柱
9661,孟令伟
9662,孟学农
9663,聂卫国
9664,祁建
9665,钱达
9666,钱国梁
9667,钱运录
9668,马会
9669,马凯
9670,罗保铭
9671,毛泽东123
9672,毛泽东2
9673,梅克保
9674,罗礼诗
9675,罗清泉
9676,罗正富
9677,罗志军
9678,骆惠宁
9679,骆琳
9680,马良骏
9681,马强
9682,马三家
9683,马时敏
9684,马晓天
9685,马志鹏
9686,马飚
9687,马馼
9688,卢展工
9689,路甬祥
9690,鹿心社
9691,陆兵
9692,陆浩
9693,陆委会
9694,吕京花
9695,吕祖善
9696,梁光烈
9697,梁擎墩
9698,常万全
9699,雷春美
9700,东突厥斯坦伊斯兰
9701,克劳塞维茨
9702,迟万春
9703,仇保兴
9704,康涛杰
9705,黎安友
9706,拉丹
9707,高瞻
9708,葛振峰
9709,金道铭
9710,金书波
9711,金尧如
9712,金振吉
9713,华过锋
9714,胡春华
9715,胡绩伟
9716,胡江
9717,华惠棋
9718,华莱士
9719,金壮龙
9720,靖志远
9721,高强
9722,焦焕成
9723,蒋峰
9724,蒋洁敏
9725,蒋文兰
9726,高武生
9727,付申奇
9728,连胜德
9729,贺邦靖
9730,关卓中
9731,干以胜
9732,简鸿章
9733,江罗
9734,冠希
9735,江棋生
9736,114.0
9737,CBD
9738,板楼
9739,别墅
9740,城堡
9741,酬宾
9742,大降价
9743,地产
9744,度假区
9745,二期
9746,发售
9747,房
9748,房产
9749,房地产
9750,房峰辉
9751,房间
9752,房型
9753,房源
9754,房展
9755,房折
9756,公寓
9757,购房
9758,豪宅
9759,衡阳万通房产
9760,户型
9761,花园
9762,街铺
9763,精装
9764,景观住宅
9765,均价
9766,开发
9767,开盘
9768,看房
9769,两限房
9770,楼盘
9771,娄义
9772,买二送一
9773,买房
9774,买一送一
9775,卖车
9776,卖房
9777,面积
9778,名宅
9779,票据
9780,平米
9781,抢购
9782,求:购
9783,求购
9784,全户型
9785,认购
9786,三期
9787,商铺
9788,商圈
9789,商业楼
9790,生态区
9791,首付
9792,售楼
9793,特等奖
9794,特惠房
9795,特价
9796,特卖会
9797,投注
9798,旺铺
9799,威海
9800,现房
9801,小户
9802,小旺铺
9803,写字楼
9804,洋房
9805,样板房
9806,样板间
9807,一码
9808,一平
9809,一期
9810,一切证件
9811,一梯两户
9812,一折起
9813,折上折
9814,周年庆
9815,住宅
9816,装修
9817,准现房
9818,租房
9819,租售
9820,常劲
9821,本田
9822,鲍筒
9823,拨打
9824,伴游
9825,QQ宠物
9826,本公司2
9827,世纪中国基金会
9828,610洗脑班
9829,帮穷人
9830,2004年公共服务奖
9831,2006年十句最真实的谎言
9832,001工程
9833,分家在
9834,大红赤龙七头十角
9835,第一批下海经商的人富
9836,俄罗斯
9837,苗圩
9838,明斯克号
9839,清纯
9840,穷 人
9841,穷人
9842,屈万祥
9843,善恶有报
9844,汕尾
9845,生肖
9846,盛雪
9847,盛雪辛灏年
9848,师傅
9849,师父
9850,石戈
9851,使馆
9852,试卷
9853,试题答案
9854,权柄
9855,全哲洙
9856,燃烧辅助工具
9857,热线
9858,忍
9859,忍无可忍
9860,明心
9861,斯诺
9862,四级答案
9863,四联航空
9864,网上赚钱
9865,网通
9866,网赚队伍
9867,往事并不如烟
9868,素人
9869,宿命论
9870,隧道
9871,檀鑫
9872,名山县
9873,体健貌端
9874,名师
9875,慕歌
9876,木犀地
9877,倪育贤
9878,年福纯
9879,捻
9880,潜在用户
9881,抢粮记
9882,龙虎豹
9883,瞒报
9884,绿色环保手机
9885,绿色雨
9886,龙虎豹宋书元
9887,龙卷风
9888,领取
9889,长期
9890,担保
9891,歌
9892,歌德
9893,歌功颂德
9894,蛤蟆
9895,个人崇拜
9896,看中国
9897,凯旋
9898,口蹄疫
9899,来京上访
9900,蓝光
9901,蓝丝带
9902,举行
9903,警察
9904,揭批书
9905,接班
9906,结欠
9907,结帐
9908,刀林荫
9909,登辉
9910,登天梯
9911,翟渠
9912,翟小衡
9913,点金
9914,东突厥斯坦
9915,东土耳其斯坦
9916,吨
9917,二码
9918,二乙基酰胺
9919,二注
9920,发~票
9921,发财诗
9922,分众
9923,疯狂掠夺大陆股民
9924,凤凰
9925,戈扬
9926,鸽派
9927,工力
9928,工自联
9929,古怪歌
9930,管理员
9931,哈批
9932,1258.0
9933,1259.0
9934,12590.0
9935,12593.0
9936,1 0 1 5 9
9937,10000.0
9938,10010.0
9939,10086.0
9940,10159.0
9941,13423205670.0
9942,13725516608.0
9943,13875448369.0
9944,15112886328.0
9945,189.0
9946,6-4tianwang
9947,64.0
9948,68170802.0
9949,6a6.net
9950,7.31
9951,7.31
9952,89-64cdjp
9953,8945212.0
9954,23条
9955,259o
9956,381929279.0
9957,3P
9958,42890.0
9959,BJ
9960,CCTV
9961,CDMA
9962,FOCUSC
9963,GAMEMASTER
9964,IP17908
9965,KEY_TEXT
9966,QQb
9967,Soccer01.com
9968,UltraSurf
9969,bignews
9970,boxun
9971,Chinaliberal
9972,chinamz
9973,Chinesenewsnet
9974,cnd
9975,Creaders
9976,dafa
9977,df'd
9978,Dfdz
9979,die
9980,dpp
9981,Freechina
9982,freedom
9983,Freenet
9984,fuck your mother
9985,hongzhi
9986,hrichina
9987,huanet
9988,hypermart.net
9989,jiangdongriji
9990,l2590803027
9991,lihongzhi
9992,ma
9993,making
9994,minghui
9995,minghuinews
9996,nacb
9997,na?ve
9998,nmis
9999,paper64
10000,peacehall
10001,piao
10002,playboy
10003,renminbao
10004,renmingbao
10005,safeweb
10006,simple
10007,svdc
10008,taip
10009,tibetalk
10010,triangle
10011,triangleboy
10012,txwq.net
10013,unixbox
10014,ustibet
10015,voa
10016,voachinese
10017,wangce
10018,wstaiji
10019,www
10020,xinsheng
10021,yuming
10022,yy通讯录
10023,zhengjian
10024,zhengjianwang
10025,zhenshanren
10026,zhuanfalu
10027,zhuanfalun
10028,八老
10029,第一代领导
10030,第二代领导
10031,第三代领导
10032,第四代领导
10033,第六代领导
10034,第七代领导
10035,第1代领导
10036,第2代领导
10037,第3代领导
10038,第4代领导
10039,第6代领导
10040,第7代领导
10041,一位老同志的谈话
10042,觉醒的中国公民日渐清楚地认识到
10043,中国的人权
10044,4事件
10045,维多利亚公园
10046,thegateofheavenlypeace
10047,bloodisonthesquare
10048,为了忘却的纪念
10049,基督教科学箴言报
10050,泰晤士报
10051,美联社
10052,雅虎香港
10053,中央日报
10054,7大军区
10055,钦定接班人
10056,平近习
10057,xjp
10058,习太子
10059,习明泽
10060,老习
10061,温x
10062,温jia宝
10063,温宝宝
10064,温加保
10065,张培莉
10066,温如春
10067,温jb
10068,胡x
10069,胡jt
10070,胡boss
10071,胡总
10072,胡王八
10073,hujintao
10074,胡jintao
10075,胡j涛
10076,湖紧掏
10077,hjt
10078,胡派
10079,刘永清
10080,胡海峰
10081,胡海清
10082,民泽江
10083,江胡
10084,江哥
10085,江书记
10086,江浙闽
10087,江沢民
10088,江浙民
10089,择民
10090,则民
10091,茳泽民
10092,zemin
10093,ze民
10094,老j
10095,江x
10096,江派
10097,江zm
10098,jzm
10099,江某某
10100,江绵康
10101,江泽慧
10102,平小邓
10103,xiao平
10104,邓xp
10105,邓朴方
10106,邓榕
10107,邓质方
10108,猫泽东
10109,猫则东
10110,chairmanmao
10111,猫贼洞
10112,毛zd
10113,毛zx
10114,z东
10115,ze东
10116,泽d
10117,zedong
10118,毛太祖
10119,毛相
10120,主席画像
10121,改革历程
10122,朱镕鸡
10123,朱云来
10124,李peng
10125,里鹏
10126,李小琳
10127,华主席
10128,华国
10129,国锋
10130,国峰
10131,锋同志
10132,蔡赴朝
10133,丁一平
10134,杜德印
10135,傅锐
10136,耀邦
10137,黄丽满
10138,李春城
10139,李沛瑶
10140,栗智
10141,林炎志
10142,罗箭
10143,马恺
10144,欧广源
10145,粟戎生
10146,孙家正
10147,屠光绍
10148,汪东兴
10149,王洛林
10150,王振华
10151,奚国华
10152,由喜贵
10153,曾宪梓
10154,曾荫权
10155,张定发
10156,张荣坤
10157,张志国
10158,紫阳
10159,朱海仑
10160,政治局常委
10161,中纪委
10162,主席像
10163,总书记
10164,中国当局
10165,党产共
10166,政一府
10167,政百度府
10168,中央领导
10169,北京政权 
10170,75事件
10171,628事件
10172,6位qq
10173,精神药品 
10174,其它：
10175,穴海
10176,协警
10177,纳米比亚
10178,专业调查
10179,有华龙
10180,jq的来
10181,电信路
10182,第一夫人
10183,党鞭
10184,黄巨
10185,荡尽天下
10186,家元自称玉皇大帝
10187,主席李世民
10188,何祚庥
10189,不要沉默
10190,后勤集团
10191,发国难财
10192,浪漫邂逅
10193,红满堂
10194,张小洋
10195,炸学校
10196,叫晶晶的女孩
10197,回派
10198,社会黑暗
10199,国之母
10200,国母
10201,国姆
10202,东方微点
10203,震惊全球
10204,nowto
10205,chengdu
10206,徐明
10207,六月飞雪
10208,暴力虐待
10209,暴力袭击
10210,天府广场
10211,粮荒
10212,复制地址到地址栏
10213,李愚蠢
10214,台湾猪
10215,进化不完全的生命体
10216,震死他们
10217,中日没有不友好的
10218,木牛流马的污染比汽车飞机大
10219,他们嫌我挡了城市的道路
10220,警察我们是为人民服务的
10221,中石化说亏损
10222,做人不能太cctv了
10223,领导干部吃王八
10224,工商税务两条狼
10225,公检法是流氓
10226,公安把秩序搞乱
10227,剖腹一刀五千几
10228,读不起选个学校三万起
10229,父母下岗儿下地
10230,其它次要的适合于后台审核的敏感词： 
10231,自制
10232,制造
10233,制作
10234,电话
10235,手机
10236,销售
10237,联系
10238,出售 
10239,买
10240,卖
10241,匕首
10242,管制刀具
10243,弹药
10244,违禁品
10245,军用品
10246,电棍
10247,机枪
10248,步枪
10249,模型枪
10250,狙击枪
10251,信号枪
10252,来福枪
10253,来复枪
10254,冲锋枪
10255,散弹枪
10256,卡宾枪
10257,枪支
10258,枪械
10259,炸药
10260,硝铵
10261,火药
10262,燃烧瓶
10263,可燃物
10264,爆炸物
10265,炸弹
10266,燃烧弹
10267,tnt
10268,出售
